0.3980,0.0000,0.0000,0.0000,0.0000,0.0000,0.0000,0.0037,0.2041,0.2839,0.3608,-0.6038,1.0943,0.5628,1.3123,2.3057,1.5356,1.3103,1.4454,-0.2435,0.0000,0.1591,2.0000
-1.1037,0.0000,0.0000,0.0000,0.0000,0.0000,0.0000,-0.6293,0.2044,-0.0512,-0.1462,-0.0779,-0.3941,-0.8839,-0.6246,0.9411,-0.9159,-0.8830,-0.9613,-0.4374,0.0000,-0.7818,1.0000
0.6779,0.0000,0.0000,0.0000,0.0000,0.0000,0.0000,1.6125,0.0000,2.5817,0.1916,0.2477,-0.8480,-0.9435,-0.6256,0.0000,0.3439,0.3601,0.3520,-0.5153,1.0683,1.7254,2.0000
0.1159,0.0000,0.0000,0.0000,0.0000,0.0000,0.0000,-0.9735,0.2027,0.0000,-0.9895,-0.0023,-0.1698,-0.3088,0.0195,0.0000,0.0126,-0.0052,-0.0126,-0.2068,1.0708,-0.7811,1.0000
-1.1027,0.0000,0.0000,0.0000,0.0000,0.0000,0.0000,-0.9756,0.2029,0.0000,0.0208,-0.5274,-0.3317,-1.8126,-0.3031,2.3177,-0.8488,-1.3205,-1.1794,-0.2071,1.0734,0.7882,1.0000
-1.3868,0.0000,0.0000,0.0000,0.0000,0.0000,0.0000,-1.0929,0.2032,0.0000,1.0323,-0.7280,0.3464,-1.0677,-0.3035,0.0000,-0.9167,-0.9589,-0.9637,-0.4773,0.0000,-0.4664,1.0000
2.2697,0.0000,0.0000,0.0000,0.0000,0.0000,0.0000,0.7481,0.0000,0.8636,-0.1454,0.5942,-0.5892,0.3212,-0.9479,0.0000,1.7306,1.8178,1.8063,-0.5165,1.0739,-1.0945,1.0000
0.6822,0.0000,0.0000,0.0000,0.0000,0.0000,0.0000,1.0374,0.0000,0.4327,-0.4824,-1.2265,1.2160,-0.6630,-0.9500,0.0000,0.3445,0.4336,0.4255,0.0000,0.0000,1.7270,2.0000
0.2120,0.0000,0.0000,0.0000,0.0000,0.0000,0.0000,-0.6304,0.1996,0.0000,1.3677,0.8423,-1.1039,-0.0274,0.9797,0.0000,-0.1856,-0.2983,-0.1585,0.0589,1.0745,0.7913,1.0000
1.6246,0.0000,0.0000,0.0000,0.0000,0.0000,0.0000,0.5772,1.2127,-0.4802,2.0458,2.0170,-1.4295,2.1119,2.2696,9.2222,1.1390,0.7258,1.1551,2.2880,1.0771,0.7927,2.0000
-0.2553,0.0000,0.0000,0.0000,0.0000,0.0000,0.0000,-1.0897,0.2027,0.0000,-0.3085,-0.6513,0.6984,-0.2549,-0.6256,0.0000,-0.1833,0.0688,-0.0101,-0.3989,0.0000,-0.7770,1.0000
0.0270,0.0000,0.0000,0.0000,0.0000,0.0000,0.0000,0.7483,2.2276,0.0000,5.4324,1.5503,-1.3351,1.1945,-0.9499,0.0000,-0.0511,-0.1503,-0.0101,0.3722,0.0000,-0.7785,1.0000
-1.2907,0.0000,0.0000,0.0000,0.0000,0.0000,0.0000,1.4971,0.0000,0.3788,-0.3066,-1.2264,0.6002,-1.7610,-0.6287,0.0000,-1.2412,-1.2450,-1.3215,0.0000,-2.1733,1.7318,2.0000
0.5893,0.0000,0.0000,0.0000,0.0000,0.0000,0.0000,2.0209,0.0000,3.4886,-1.0049,-1.5059,1.3117,-1.1296,-0.9527,0.0000,0.1444,0.2117,0.1326,0.0000,0.0000,1.4251,3.0000
-0.3510,0.0000,0.0000,0.0000,0.0000,0.0000,0.0000,-1.2031,0.2051,-0.0923,-0.3093,-0.9086,0.7986,-0.6672,-0.6318,0.0000,-0.3841,-0.3715,-0.3770,-0.5542,0.0000,-1.0904,1.0000
-1.5739,0.0000,0.0000,0.0000,0.0000,0.0000,0.0000,0.5857,0.0000,-0.2376,0.5617,0.2197,-1.2681,-1.7729,0.6581,0.0000,-1.0447,-1.1735,-1.1779,-0.4782,1.0709,-1.0932,1.0000
0.3036,0.0000,0.0000,0.0000,0.0000,0.0000,0.0000,-0.9154,0.2034,0.0000,0.2143,0.3203,-0.3018,0.2002,-0.6309,0.0000,0.3393,-0.0833,0.1291,0.2896,1.0736,0.4801,1.0000
-1.2956,0.0000,0.0000,0.0000,0.0000,0.0000,0.0000,0.2378,0.2036,-0.5291,0.0406,-0.0302,-0.7221,-1.3714,1.6242,0.0000,-1.5071,-1.1756,-1.3249,-0.2474,1.0762,-0.7789,1.0000
-0.1696,0.0000,0.0000,0.0000,0.0000,0.0000,0.0000,0.4689,0.0000,0.0000,0.5619,-0.6811,0.6327,-0.4436,-0.6294,1.0547,-0.1917,-0.0133,-0.0192,-0.5161,0.0000,-1.0952,1.0000
0.1124,0.0000,0.0000,0.0000,0.0000,0.0000,0.0000,0.6425,0.0000,-0.0485,0.0419,-0.9074,0.6982,-0.8517,-0.6304,0.0000,0.0720,-0.0133,0.0535,-0.5168,1.0768,-1.0980,1.0000
-0.1693,0.0000,0.0000,0.0000,0.0000,0.0000,0.0000,-0.9694,0.2000,0.0000,-0.3049,0.6415,-0.8806,-0.0968,1.6258,1.0552,0.2698,-0.0134,0.1987,0.4010,1.0795,0.4739,1.0000
-0.1695,0.0000,0.0000,0.0000,0.0000,0.0000,0.0000,0.8717,0.0000,0.4798,-0.3053,-0.8072,0.7939,-0.4457,-0.6289,0.0000,-0.3883,-0.1586,-0.3812,-0.4779,0.0000,-0.7840,1.0000
0.5802,0.0000,0.0000,0.0000,0.0000,0.0000,0.0000,0.8159,0.1982,0.0000,-0.9979,1.7398,-1.4602,1.4123,0.3387,0.0000,2.4393,1.8715,2.0092,0.7439,1.0800,-0.1565,1.0000
-1.2923,0.0000,0.0000,0.0000,0.0000,0.0000,0.0000,0.7599,0.0000,0.0000,-0.1350,-0.8317,0.3413,-1.3159,-0.9510,0.0000,-0.9145,-0.8821,-0.9601,-0.4766,0.0000,-0.7850,1.0000
-1.2964,0.0000,0.0000,0.0000,0.0000,0.0000,0.0000,0.7038,0.0000,0.0000,1.0749,0.2182,-1.2054,-1.6693,0.3369,0.0000,-1.0488,-1.0293,-1.1077,-0.4010,1.0806,-0.4725,1.0000
0.9513,0.0000,0.0000,0.0000,0.0000,0.0000,0.0000,-0.7325,0.1945,0.0000,0.7318,-0.6318,0.8551,0.0730,0.0000,0.0000,0.6024,0.7133,0.7076,-0.4778,0.0000,-1.1006,1.0000
-0.5476,0.0000,0.0000,0.0000,0.0000,0.0000,0.0000,-0.2166,1.2017,0.0000,1.5972,1.4914,-1.4322,0.8887,0.6570,0.0000,-0.3882,-0.8842,-0.6722,0.3211,0.0000,0.7793,1.0000
1.1388,0.0000,0.0000,0.0000,0.0000,0.0000,0.0000,1.6775,0.0000,1.3343,-0.4735,-0.8305,0.7900,-0.5073,0.0137,0.0000,0.5358,0.6396,0.6342,0.0000,1.0790,1.7218,2.0000
0.7668,0.0000,0.0000,0.0000,0.0000,0.0000,0.0000,0.8222,0.0000,0.9069,0.9095,0.7941,-1.2735,-0.4498,1.9445,0.0000,0.3386,0.3503,0.3449,-0.4782,1.0818,-1.0996,1.0000
-1.2936,0.0000,0.0000,0.0000,0.0000,0.0000,0.0000,0.1337,0.0000,0.0000,-0.1261,-0.6048,0.6599,-0.2179,-0.6273,0.0000,0.9323,0.3507,0.5629,0.4324,1.0846,-0.1591,1.0000
0.0154,0.0000,0.0000,0.0000,0.0000,0.0000,0.0000,-0.7851,5.2231,0.0000,0.0000,2.0430,-1.4687,2.1047,0.6622,4.0597,-4.4694,-2.1845,-2.4067,7.5646,0.0000,1.0971,3.0000
-1.1088,0.0000,0.0000,0.0000,0.0000,0.0000,0.0000,-1.0163,0.2109,0.0000,0.2159,0.0991,-0.3433,-0.3890,0.6633,2.6079,-0.2012,-0.5986,-0.4590,-0.0453,1.0852,-0.7851,1.0000
0.2939,0.0000,0.0000,0.0000,0.0000,0.0000,0.0000,0.9333,0.0000,0.5673,-0.3022,-0.9280,1.1734,-0.0400,-0.6244,1.0827,0.2028,0.2731,0.1956,-0.5340,-2.1605,-1.1006,1.0000
0.6687,0.0000,0.0000,0.0000,0.0000,0.0000,0.0000,0.1892,0.0000,-0.4364,0.2152,0.7483,-0.8578,0.1927,-0.3034,0.0000,0.2703,0.6367,0.4867,-0.3721,1.0876,-0.7894,1.0000
0.7635,0.0000,0.0000,0.0000,0.0000,0.0000,0.0000,1.4509,0.0000,1.1878,-0.4741,-1.3284,1.3034,-0.7369,-0.9471,0.0000,0.2034,0.3474,0.2695,0.0000,0.0000,1.7208,2.0000
0.2039,0.0000,0.0000,0.0000,0.0000,0.0000,0.0000,0.0783,0.0000,0.2350,-0.8193,-1.1073,1.2108,-0.3898,-0.9492,0.0000,0.0694,0.2754,0.1972,-0.5769,0.0000,-0.7887,1.0000
1.5117,0.0000,0.0000,0.0000,0.0000,0.0000,0.0000,2.0282,0.0000,1.7635,-0.8209,-1.4111,1.6346,-0.3323,0.0000,0.0000,1.0083,1.2174,1.1398,0.0000,1.0860,1.7264,2.0000
-0.5402,0.0000,0.0000,0.0000,0.0000,0.0000,0.0000,-1.0101,1.2371,0.0000,-0.3063,0.5666,-0.9820,-0.4487,1.2973,0.0000,-0.3975,-0.8808,-0.5973,1.0434,1.0889,0.4734,1.0000
0.8609,0.0000,0.0000,0.0000,0.0000,0.0000,0.0000,1.8082,0.0000,1.9609,-0.8225,-1.1378,1.1536,-0.5651,-0.3088,0.0000,0.8078,0.9287,0.8508,0.0000,1.0918,1.7343,2.0000
1.5167,0.0000,0.0000,0.0000,0.0000,0.0000,0.0000,1.8176,0.0000,2.0686,-0.4804,-1.0908,1.1569,-0.4503,0.0125,0.0000,0.7425,0.9308,0.8526,0.0000,1.0947,1.7428,2.0000
-0.0680,0.0000,0.0000,0.0000,0.0000,0.0000,0.0000,0.3800,0.1997,-0.5693,0.3773,-0.2155,0.1876,-0.1620,0.0125,1.0705,-0.2600,-0.0811,-0.1593,-0.4571,0.0000,-1.0981,1.0000
-0.4420,0.0000,0.0000,0.0000,0.0000,0.0000,0.0000,0.7275,0.0000,-0.5702,-0.3082,-1.1431,0.8031,-1.2014,-0.3084,0.0000,-0.3941,-0.2982,-0.3765,-0.5791,0.0000,-1.1011,1.0000
-0.4426,0.0000,0.0000,0.0000,0.0000,0.0000,0.0000,0.9600,0.0000,0.3914,1.7472,1.2356,-0.9432,1.1634,4.4996,0.0000,-0.3946,-0.1541,-0.1603,-0.3375,0.0000,-0.7873,1.0000
-0.1634,0.0000,0.0000,0.0000,0.0000,0.0000,0.0000,-1.1760,5.3673,0.0000,-0.4769,2.0172,-1.4632,2.0336,1.9940,0.0000,-1.0624,-1.8144,-1.7480,2.0447,0.0000,0.7943,1.0000
-1.3748,0.0000,0.0000,0.0000,0.0000,0.0000,0.0000,-0.7747,0.2165,-0.5226,0.2088,0.5188,-0.5938,0.1320,-0.3012,1.0667,-1.1986,-1.1726,-1.1780,-0.4559,0.0000,-1.1030,1.0000
-0.0739,0.0000,0.0000,0.0000,0.0000,0.0000,0.0000,-0.5451,0.2167,0.0000,-0.8193,0.3434,0.0529,0.8855,1.0155,0.0000,1.6018,1.3586,1.5689,0.1510,1.0863,-0.1563,1.0000
-1.7509,0.0000,0.0000,0.0000,0.0000,0.0000,0.0000,-1.2966,0.2170,0.0000,-0.9923,0.2434,-0.5293,-0.3870,0.6888,4.1366,-1.0668,-0.9564,-1.0347,-0.3343,0.0000,-0.7889,1.0000
-0.2654,0.0000,0.0000,0.0000,0.0000,0.0000,0.0000,-0.4919,1.2853,0.0000,-0.9947,1.4990,-1.3380,1.0592,2.0064,1.0999,-4.2810,-2.7708,-2.7052,5.3632,-2.1578,1.1058,3.0000
-1.4785,0.0000,0.0000,0.0000,0.0000,0.0000,0.0000,-0.9545,0.2207,0.0000,0.3733,-0.3054,-0.0488,-0.7901,-0.2934,0.0000,-1.3096,-1.4123,-1.4910,-0.3750,0.0000,0.4766,1.0000
2.2528,0.0000,0.0000,0.0000,0.0000,0.0000,0.0000,-0.8991,0.2210,0.0000,0.8872,1.3017,-0.5980,1.9272,1.0261,0.0000,2.1089,2.2418,2.2366,-0.0408,1.0843,-0.7860,1.0000
-1.2986,0.0000,0.0000,0.0000,0.0000,0.0000,0.0000,-0.1508,0.2213,0.0000,-0.1373,-0.1017,0.5308,0.7197,0.0388,0.0000,-1.1082,-0.3893,-0.8368,0.6696,-2.1703,-0.7876,1.0000
0.4829,0.0000,0.0000,0.0000,0.0000,0.0000,0.0000,-0.2086,0.0000,0.0000,-0.3084,-0.8550,1.3057,0.3729,-0.9499,0.0000,0.3330,0.6389,0.4854,-0.4985,-2.1860,-0.7892,1.0000
1.3288,0.0000,0.0000,0.0000,0.0000,0.0000,0.0000,0.4820,0.0000,2.3329,-0.8208,-1.5095,1.9235,-0.0322,-0.9522,0.0000,1.4327,1.5946,1.5883,0.0000,0.0000,1.7322,2.0000
2.1794,0.0000,0.0000,0.0000,0.0000,0.0000,0.0000,0.3102,0.0000,0.0000,-0.6519,-0.7364,1.8701,1.6462,-0.9545,0.0000,1.6446,2.1903,1.9635,-0.3754,-2.2015,-0.7885,1.0000
-1.2046,0.0000,0.0000,0.0000,0.0000,0.0000,0.0000,0.8852,0.0000,-0.4338,-0.3121,-1.1649,0.7110,-1.4202,0.0000,0.0000,-0.9674,-0.6767,-0.7583,-0.5009,0.0000,-0.7901,1.0000
-1.0194,0.0000,0.0000,0.0000,0.0000,0.0000,0.0000,-0.3190,0.0000,0.0000,0.5389,0.2643,-0.9438,-1.0772,-0.6311,0.0000,-0.9698,-0.7519,-0.9075,-0.4601,1.0816,-0.7917,1.0000
0.1120,0.0000,0.0000,0.0000,0.0000,0.0000,0.0000,1.2870,0.0000,2.6291,-0.6512,-1.0911,0.6774,-1.3125,-0.3027,0.0000,-0.2140,-0.1627,-0.1713,0.0000,1.0846,1.7325,2.0000
-1.1148,0.0000,0.0000,0.0000,0.0000,0.0000,0.0000,-1.6946,2.3339,0.0000,0.0000,0.6889,-1.2682,-0.6775,-0.3031,2.6356,-2.0731,-2.0065,-2.0151,0.2025,0.0000,0.7918,1.0000
1.6200,0.0000,0.0000,0.0000,0.0000,0.0000,0.0000,0.4267,0.0000,0.0000,0.0000,-0.7905,1.4878,0.8320,-0.6323,0.0000,1.5080,1.8302,1.7475,-0.4610,0.0000,-0.7886,1.0000
-1.4947,0.0000,0.0000,0.0000,0.0000,0.0000,0.0000,-1.0677,0.2132,0.0000,-0.3211,-0.1650,-0.2298,-0.7925,0.0235,1.0955,-1.7406,-1.5753,-1.7321,-0.1301,0.0000,0.4748,1.0000
0.1101,0.0000,0.0000,0.0000,0.0000,0.0000,0.0000,-0.0354,0.0000,-0.2917,-0.1512,-0.8667,0.7769,-0.6200,-0.3045,0.0000,0.1946,0.2032,0.1939,-0.5856,0.0000,-0.7882,1.0000
-0.0791,0.0000,0.0000,0.0000,0.0000,0.0000,0.0000,-0.9544,0.2112,0.0000,0.8696,0.0330,-0.2280,-0.3311,-0.6326,0.0000,0.0562,-0.1681,-0.0289,-0.1317,1.0780,0.4733,1.0000
-0.0792,0.0000,0.0000,0.0000,0.0000,0.0000,0.0000,-0.4399,0.2115,-0.4376,3.0830,0.5333,-0.9093,-0.3895,1.0033,0.0000,-0.0130,-0.1683,-0.0289,0.0333,1.0810,0.7895,1.0000
0.3927,0.0000,0.0000,0.0000,0.0000,0.0000,0.0000,0.8216,0.2118,-0.1503,-0.1427,1.5837,-1.1384,1.6357,1.6608,1.0917,0.1945,-0.7615,-0.1031,2.4670,0.0000,0.7911,2.0000
0.1104,0.0000,0.0000,0.0000,0.0000,0.0000,0.0000,-0.9544,0.2120,0.0000,-0.4865,0.9399,-1.0121,0.3674,0.0281,2.6542,0.1256,0.0518,0.1189,0.0400,1.0816,0.4776,1.0000
-0.4545,0.0000,0.0000,0.0000,0.0000,0.0000,0.0000,0.3047,0.0000,-0.0083,0.3709,0.0660,-0.9499,-1.5441,-0.9551,0.0000,-0.5642,-0.5400,-0.5464,-0.5405,1.0847,-1.0958,1.0000
-1.1138,0.0000,0.0000,0.0000,0.0000,0.0000,0.0000,-1.4130,0.2100,0.0000,1.7429,-0.7090,0.4099,-0.9124,-0.3021,0.0000,-1.3924,-0.9105,-1.0645,-0.2514,0.0000,-0.4691,1.0000
1.3298,0.0000,0.0000,0.0000,0.0000,0.0000,0.0000,0.0725,0.0000,0.2768,-0.4825,-1.2351,1.7711,0.3041,-0.9572,0.0000,1.6392,1.7478,1.7405,0.0000,0.0000,0.1594,2.0000
-0.2668,0.0000,0.0000,0.0000,0.0000,0.0000,0.0000,-0.7865,0.2080,0.0000,0.5471,-0.9392,0.6437,-1.0286,0.0000,0.0000,-0.7048,-0.4659,-0.5472,-0.5013,0.0000,-1.0972,1.0000
-1.2081,0.0000,0.0000,0.0000,0.0000,0.0000,0.0000,-1.0744,0.2083,0.0000,0.0000,-0.0165,-0.7834,-1.4372,-0.6362,0.0000,-1.1209,-2.3173,-2.3247,1.5633,0.0000,0.7853,2.0000
0.0119,0.0000,0.0000,0.0000,0.0000,0.0000,0.0000,0.2967,1.2655,0.0000,0.0000,1.2818,-1.4665,0.3566,0.3445,0.0000,1.4344,0.9391,1.1551,0.5357,1.0780,-0.1554,1.0000
0.2000,0.0000,0.0000,0.0000,0.0000,0.0000,0.0000,0.0684,0.0000,1.6052,-0.6632,-1.4125,1.2895,-0.9766,-0.9627,0.0000,0.1244,0.1970,0.1903,0.0000,0.0000,-1.0968,1.0000
1.1393,0.0000,0.0000,0.0000,0.0000,0.0000,0.0000,-0.1029,0.2098,0.0000,3.1202,1.5345,-1.4705,0.9343,0.9963,0.0000,1.0237,1.0895,1.1577,0.1214,1.0787,-0.7862,1.0000
2.2700,0.0000,0.0000,0.0000,0.0000,0.0000,0.0000,0.8096,0.0000,2.1345,-0.8380,-1.4417,2.0740,0.3569,0.0000,0.0000,1.7873,2.0595,1.9800,0.0000,0.0000,-1.1015,1.0000
1.1552,0.0000,0.0000,0.0000,0.0000,0.0000,0.0000,1.9516,0.0000,1.3837,-0.8399,-1.4225,1.3689,-0.8586,-0.9668,0.0000,0.2018,0.3560,0.2744,0.0000,0.0000,1.7189,2.0000
0.7808,0.0000,0.0000,0.0000,0.0000,0.0000,0.0000,0.3618,0.0000,0.8133,-0.3200,-1.3025,1.4724,-0.3975,-0.9693,0.0000,0.7563,0.8042,0.7972,0.0000,0.0000,-1.1031,1.0000
-1.2957,0.0000,0.0000,0.0000,0.0000,0.0000,0.0000,-0.8952,2.3127,0.0000,2.6327,1.8883,-1.4413,1.7990,2.2996,0.0000,-0.9731,-0.9838,-0.9913,0.3633,0.0000,-0.7917,1.0000
-0.4494,0.0000,0.0000,0.0000,0.0000,0.0000,0.0000,1.0456,0.0000,-0.5289,0.2094,1.3444,-0.9873,1.3454,1.0030,1.0821,-0.6987,-0.3898,-0.4718,-0.4173,0.0000,-0.7934,1.0000
0.3999,0.0000,0.0000,0.0000,0.0000,0.0000,0.0000,1.0486,0.2081,-0.0511,0.2097,1.2484,-0.8585,1.3505,2.6509,1.0853,0.0610,-0.5394,0.0491,1.6353,0.0000,0.7766,2.0000
1.0609,0.0000,0.0000,0.0000,0.0000,0.0000,0.0000,0.0226,0.2084,0.0000,0.0000,1.0250,-1.0576,0.4838,0.3577,0.0000,1.1666,1.3944,1.3886,-0.1675,1.0669,-0.1643,1.0000
1.0639,0.0000,0.0000,0.0000,0.0000,0.0000,0.0000,-0.1486,0.2087,0.0000,-1.3688,1.1291,-0.7321,1.2975,0.0269,0.0000,1.7925,1.9215,1.9157,-0.1678,1.0699,-0.1645,1.0000
-1.4811,0.0000,0.0000,0.0000,0.0000,0.0000,0.0000,-1.0609,0.2090,0.0000,0.0275,-0.3352,-0.2084,-1.1387,-0.9659,1.0837,-0.9707,-1.4314,-1.3625,-0.2090,0.0000,0.7753,1.0000
-0.2587,0.0000,0.0000,0.0000,0.0000,0.0000,0.0000,-0.2087,0.2093,-0.3422,-1.1972,-0.0071,-0.7332,-1.3167,0.3552,0.0000,-0.2800,-0.9880,-0.3945,0.9796,1.0705,0.7770,1.0000
0.7794,0.0000,0.0000,0.0000,0.0000,0.0000,0.0000,0.0757,0.0000,-0.5809,0.3745,-0.9159,1.0018,-0.3322,-0.9663,0.0000,0.4121,0.6568,0.5771,-0.5346,0.0000,-1.0994,1.0000
-1.0116,0.0000,0.0000,0.0000,0.0000,0.0000,0.0000,-1.0615,0.2072,0.0000,-1.1987,-0.3125,-0.1095,-0.9140,-0.3079,0.0000,-1.2473,-1.0629,-1.0656,-0.3308,0.0000,0.4628,1.0000
0.7784,0.0000,0.0000,0.0000,0.0000,0.0000,0.0000,0.6986,0.2075,-0.1553,0.1970,1.1742,-1.4185,0.1879,3.6524,4.1702,0.6173,0.3560,0.5753,0.2005,1.0686,0.7764,1.0000
-0.5402,0.0000,0.0000,0.0000,0.0000,0.0000,0.0000,-1.5167,2.3091,0.0000,-1.0259,1.1528,-1.2606,0.4203,0.7039,1.1166,-0.2115,-0.5405,-0.2449,0.4459,1.0718,0.4655,1.0000
-0.5412,0.0000,0.0000,0.0000,0.0000,0.0000,0.0000,0.4124,0.2155,-0.4418,-0.6793,1.8377,-1.4618,1.6384,1.3766,0.0000,-0.4190,-0.3174,-0.2453,-0.0022,0.0000,0.4662,1.0000
1.7169,0.0000,0.0000,0.0000,0.0000,0.0000,0.0000,0.9249,0.0000,1.7376,0.0178,-0.8091,1.0610,0.0197,-0.6340,0.0000,1.4431,1.4722,1.5416,-0.5320,1.0724,-1.0926,1.0000
1.7263,0.0000,0.0000,0.0000,0.0000,0.0000,0.0000,1.0979,0.0000,2.1751,-0.6797,-1.0892,1.3269,-0.1543,0.0000,0.0000,1.3802,1.4040,1.3996,-0.5737,1.0756,1.7122,2.0000
0.2216,0.0000,0.0000,0.0000,0.0000,0.0000,0.0000,-1.0602,1.2657,0.0000,0.0000,1.2105,-1.4634,0.1932,0.7048,2.6894,-0.8973,-1.6575,-1.2842,1.7029,0.0000,1.0959,3.0000
1.3562,0.0000,0.0000,0.0000,0.0000,0.0000,0.0000,1.7243,0.0000,0.0000,0.0117,0.3536,0.6713,1.9875,-0.6370,0.0000,1.3138,1.6336,1.4779,-0.1637,0.0000,-0.7784,1.0000
1.7401,0.0000,0.0000,0.0000,0.0000,0.0000,0.0000,0.9923,0.0000,2.0900,-0.1627,-0.8093,1.0676,0.0255,-0.6383,0.0000,1.4573,1.4917,1.5594,-0.5305,1.0737,1.7220,2.0000
-1.7614,0.0000,0.0000,0.0000,0.0000,0.0000,0.0000,-1.5721,1.2646,0.0000,-0.6853,0.6046,-0.6082,0.3157,0.0310,1.1249,-1.7263,-2.1160,-2.1858,0.7298,-2.1675,0.7907,1.0000
0.9887,0.0000,0.0000,0.0000,0.0000,0.0000,0.0000,1.2785,0.0000,0.3785,-0.1647,-1.0361,1.1011,-0.4373,-0.6386,0.0000,0.7675,0.6675,0.6636,-0.4884,1.0765,1.7329,2.0000
-0.0555,0.0000,0.0000,0.0000,0.0000,0.0000,0.0000,-0.6621,0.2110,0.1400,0.7038,0.3503,-0.4419,0.0251,0.3637,0.0000,0.5607,-0.1629,0.0618,0.6480,1.0797,0.7997,1.0000
-1.1011,0.0000,0.0000,0.0000,0.0000,0.0000,0.0000,-0.7778,0.2114,0.0000,0.1844,-1.0369,0.4776,-1.5358,0.0000,1.1233,-0.8269,-0.8428,-0.9169,-0.5681,0.0000,-1.0838,1.0000
-1.7701,0.0000,0.0000,0.0000,0.0000,0.0000,0.0000,-1.0653,0.2117,0.0000,0.7049,-0.4343,0.2158,-0.6163,0.0000,0.0000,-1.8700,-1.2977,-1.3710,0.0389,0.0000,-0.7728,1.0000
-0.6361,0.0000,0.0000,0.0000,0.0000,0.0000,0.0000,-1.1828,0.2120,0.0000,0.0000,0.5479,-0.1445,1.0029,0.0228,1.1244,0.0683,0.5106,0.5077,0.4034,0.0000,-0.1463,1.0000
1.6494,0.0000,0.0000,0.0000,0.0000,0.0000,0.0000,1.2149,0.0000,1.2777,-0.8592,-1.0374,1.4922,0.2534,-0.6458,0.0000,1.2508,1.4172,1.4121,-0.5665,0.0000,1.7355,2.0000
-0.2522,0.0000,0.0000,0.0000,0.0000,0.0000,0.0000,-0.7836,2.3080,0.0000,-0.8613,1.3015,-1.4526,0.4272,2.3593,1.1255,0.7681,0.5163,0.8903,0.7252,1.0725,-0.1420,1.0000
-0.0618,0.0000,0.0000,0.0000,0.0000,0.0000,0.0000,0.6444,0.0000,0.0000,0.6979,0.2982,-0.9007,-0.8998,-0.6446,0.0000,-0.1346,0.0643,-0.0119,-0.5247,1.0758,-1.0846,1.0000
1.1765,0.0000,0.0000,0.0000,0.0000,0.0000,0.0000,2.3600,0.0000,3.2282,-1.2075,-1.4635,1.4615,-0.7868,-0.9819,0.0000,0.4905,0.5921,0.5903,0.0000,0.0000,1.4257,3.0000
-1.0116,0.0000,0.0000,0.0000,0.0000,0.0000,0.0000,-0.9539,3.3772,0.0000,1.7372,1.9593,-1.4924,1.8648,1.3671,1.1239,-0.8965,-2.4198,-1.9653,4.1067,0.0000,1.1173,3.0000
-0.0614,0.0000,0.0000,0.0000,0.0000,0.0000,0.0000,1.5168,0.0000,0.5777,0.1815,-0.2552,1.0380,1.2401,0.3636,0.0000,-0.4132,-0.0923,-0.1670,-0.4448,-2.1711,1.7506,2.0000
-0.1567,0.0000,0.0000,0.0000,0.0000,0.0000,0.0000,-0.7811,0.2234,0.0000,-0.1657,0.8570,-0.9363,0.3177,2.3800,1.1250,0.2790,-0.0924,0.1344,0.7493,1.0734,0.4979,1.0000
-1.2024,0.0000,0.0000,0.0000,0.0000,0.0000,0.0000,-0.0918,0.0000,0.0000,-0.5129,-0.5058,0.3133,-0.6075,-0.3029,0.0000,0.7638,-0.1682,-0.1666,0.7098,1.0767,-0.1320,1.0000
1.5513,0.0000,0.0000,0.0000,0.0000,0.0000,0.0000,0.7708,0.0000,0.2857,-0.3406,-1.2389,1.7289,0.2006,-0.6412,0.0000,0.9731,1.4934,1.4122,-0.4819,0.0000,0.1827,2.0000
1.3685,0.0000,0.0000,0.0000,0.0000,0.0000,0.0000,1.4624,0.0000,2.9752,-0.8604,-1.0919,1.0789,-0.6073,-0.3050,0.0000,0.7684,0.8950,0.8913,0.0000,1.0774,1.4411,3.0000
-0.0571,0.0000,0.0000,0.0000,0.0000,0.0000,0.0000,-0.6036,0.2161,0.0000,-0.1705,0.5476,-0.8984,-0.3202,0.0316,0.0000,-0.4047,-0.3130,-0.3108,0.1319,1.0808,0.5026,1.0000
0.1334,0.0000,0.0000,0.0000,0.0000,0.0000,0.0000,-0.8924,0.2164,0.0000,-0.6891,0.7001,-0.8678,0.0825,0.3683,2.6893,0.2848,0.1398,0.2149,0.0911,1.0843,0.5035,1.0000
-1.7694,0.0000,0.0000,0.0000,0.0000,0.0000,0.0000,-1.2398,0.2167,0.0000,0.1726,0.3736,-0.3422,0.2552,-0.6396,0.0000,-0.6798,-1.1426,-1.0610,0.1731,0.0000,0.5044,1.0000
0.4151,0.0000,0.0000,0.0000,0.0000,0.0000,0.0000,-0.5539,0.2171,0.2436,-0.5167,-0.0289,0.0526,0.0258,-0.6409,0.0000,0.4208,0.1367,0.3623,-0.1129,1.0850,0.8193,1.0000
-0.7282,0.0000,0.0000,0.0000,0.0000,0.0000,0.0000,-1.0149,0.2174,0.0000,-0.5176,-0.5071,0.3817,-0.4903,-0.6423,0.0000,-0.4040,-0.1646,-0.3120,-0.2355,0.0000,-0.7478,1.0000
1.7471,0.0000,0.0000,0.0000,0.0000,0.0000,0.0000,0.9944,0.0000,2.3689,-0.8627,-1.3878,1.7953,-0.0329,-0.9789,0.0000,1.4505,1.5661,1.5598,0.0000,1.0858,1.7595,2.0000
-1.1091,0.0000,0.0000,0.0000,0.0000,0.0000,0.0000,-0.6700,0.2151,0.0000,-0.1771,-0.4122,-0.0066,-0.9481,-0.6465,1.1260,-1.2957,-1.0656,-1.1341,-0.4004,0.0000,-0.7466,1.0000
-1.3040,0.0000,0.0000,0.0000,0.0000,0.0000,0.0000,-0.0970,0.2155,0.0000,-0.0057,-0.0358,0.3226,0.4789,0.0221,0.0000,-1.0943,-0.7673,-0.9878,0.0464,-2.1683,-0.7484,1.0000
-1.1179,0.0000,0.0000,0.0000,0.0000,0.0000,0.0000,-0.2119,0.0000,-0.1423,-0.1771,-1.1403,0.3560,-1.9765,-0.9813,0.0000,-1.0979,-1.3723,-1.3662,-0.5222,0.0000,-1.0643,1.0000
-1.0260,0.0000,0.0000,0.0000,0.0000,0.0000,0.0000,-0.2122,1.2696,0.0000,2.0482,0.4880,-1.2193,-1.0158,1.0225,0.0000,-0.8258,-0.7743,-0.7706,-0.0363,1.0833,-0.7535,1.0000
0.7899,0.0000,0.0000,0.0000,0.0000,0.0000,0.0000,-0.6129,0.2172,-0.4351,0.8602,0.3384,-0.6325,-0.3304,0.0222,0.0000,0.5502,0.2801,0.3546,-0.1174,1.0869,0.8150,1.0000
-1.0262,0.0000,0.0000,0.0000,0.0000,0.0000,0.0000,0.3572,0.0000,-0.2906,0.6905,0.1386,-1.0606,-1.5343,-0.6457,0.0000,-0.6877,-0.7742,-0.7704,-0.5221,1.0905,-1.0663,1.0000
0.5974,0.0000,0.0000,0.0000,0.0000,0.0000,0.0000,0.7573,0.2149,0.0000,0.0000,1.7397,-1.4909,1.3863,-0.3134,0.0000,2.5433,1.9346,2.0774,0.8104,1.0941,-0.1279,1.0000
-1.6958,0.0000,0.0000,0.0000,0.0000,0.0000,0.0000,-0.1534,0.2153,-0.5826,0.6888,0.6213,-1.3337,-0.9076,0.6858,0.0000,-0.8260,-1.0003,-0.9206,-0.2376,1.0978,-1.0686,1.0000
2.2251,0.0000,0.0000,0.0000,0.0000,0.0000,0.0000,0.3589,0.0000,0.0000,-1.0302,-0.7561,1.9211,1.6193,-0.6445,0.0000,1.5290,2.2482,2.0157,-0.2380,-2.1730,-0.7585,1.0000
1.1845,0.0000,0.0000,0.0000,0.0000,0.0000,0.0000,-0.7210,0.2130,-0.4406,1.3755,0.1690,-0.0824,0.2452,0.3520,0.0000,0.5643,0.5952,0.6687,-0.3592,1.1012,-0.4470,1.0000
1.1889,0.0000,0.0000,0.0000,0.0000,0.0000,0.0000,1.2663,0.0000,1.2440,-0.3414,-1.2315,1.3704,-0.4450,-0.9762,0.0000,0.7736,0.9005,0.8971,-0.5609,1.1049,1.7431,2.0000
-1.8009,0.0000,0.0000,0.0000,0.0000,0.0000,0.0000,-1.1176,2.3103,0.0000,1.5508,1.5425,-1.4341,1.0486,1.6784,0.0000,-1.3744,-1.6048,-1.5961,0.2414,0.0000,0.4981,1.0000
-0.3589,0.0000,0.0000,0.0000,0.0000,0.0000,0.0000,0.1873,0.0000,0.0000,-0.5104,0.4969,-0.8116,-0.2702,-0.3104,0.0000,-0.4083,0.2908,-0.0129,0.0011,1.1058,-0.7554,1.0000
0.8020,0.0000,0.0000,0.0000,0.0000,0.0000,0.0000,0.9830,0.0000,-0.2486,-0.3392,-1.2062,1.3380,-0.4428,0.0000,0.0000,0.5620,0.6717,0.6683,-0.5596,0.0000,1.7500,2.0000
0.8041,0.0000,0.0000,0.0000,0.0000,0.0000,0.0000,-0.0366,0.2138,0.0000,-0.1677,-0.1826,0.3495,0.1870,-0.6484,0.0000,0.7710,0.9012,0.8967,-0.4808,1.1068,-0.7542,1.0000
0.3227,0.0000,0.0000,0.0000,0.0000,0.0000,0.0000,-0.3771,0.0000,0.0000,-0.6833,-0.1329,0.6480,0.8170,0.0156,0.0000,0.6344,0.8278,0.7480,-0.2419,0.0000,-0.7561,1.0000
1.3854,0.0000,0.0000,0.0000,0.0000,0.0000,0.0000,-0.0945,0.2115,-0.3963,0.6881,-0.2081,1.3108,1.7918,0.0156,1.0887,1.2584,1.3616,1.4298,-0.5216,0.0000,0.1841,2.0000
-0.5422,0.0000,0.0000,0.0000,0.0000,0.0000,0.0000,-0.4906,1.2642,0.0000,-1.0251,1.9134,-1.3652,2.0335,2.3375,1.0924,-4.4143,-2.9673,-4.0122,5.1374,-2.1786,1.1249,3.0000
-1.1228,0.0000,0.0000,0.0000,0.0000,0.0000,0.0000,-0.6610,0.2160,0.0000,-0.5139,-0.2784,-0.0784,-0.7775,-0.6450,0.0000,-0.4248,-0.5498,-0.4020,-0.1125,1.1045,0.5017,1.0000
0.2260,0.0000,0.0000,0.0000,0.0000,0.0000,0.0000,-0.5496,0.2164,0.0000,0.8554,0.5722,-1.1378,-0.6641,0.3549,0.0000,-0.2118,-0.3970,-0.1703,0.0948,1.1084,0.8159,1.0000
-1.1244,0.0000,0.0000,0.0000,0.0000,0.0000,0.0000,-1.1710,0.2167,0.0000,0.8577,-0.4519,0.2489,-0.6080,0.0222,0.0000,-0.9237,-0.7819,-0.8666,-0.4437,0.0000,-0.7475,1.0000
-0.6459,0.0000,0.0000,0.0000,0.0000,0.0000,0.0000,-0.4420,0.2171,0.0000,-1.0225,1.2955,-1.1064,1.0599,0.6878,0.0000,-0.4285,0.1374,-0.3279,0.4659,0.0000,-0.7494,1.0000
-1.1295,0.0000,0.0000,0.0000,0.0000,0.0000,0.0000,-1.5134,2.3115,0.0000,2.3974,0.7510,-1.1765,-0.3182,0.3569,0.0000,-2.2766,-1.7021,-1.8724,0.7974,0.0000,0.8122,1.0000
-1.8090,0.0000,0.0000,0.0000,0.0000,0.0000,0.0000,-0.9003,1.2809,0.0000,0.5263,1.5274,-1.4127,1.0610,1.0216,0.0000,-1.4410,-1.3284,-1.4985,-0.0266,0.0000,-0.7482,1.0000
-0.8531,0.0000,0.0000,0.0000,0.0000,0.0000,0.0000,0.1131,0.0000,0.9232,-0.3340,-1.2186,0.8680,-1.2929,0.0000,0.0000,-0.5883,-0.5644,-0.6520,-0.5628,0.0000,-1.0624,1.0000
1.1771,0.0000,0.0000,0.0000,0.0000,0.0000,0.0000,0.5641,0.0000,0.8784,-0.1626,-1.0230,1.3345,-0.0321,-0.6402,1.0764,1.4864,1.4339,1.4414,-0.5228,1.0974,0.1834,2.0000
-0.6585,0.0000,0.0000,0.0000,0.0000,0.0000,0.0000,-0.6169,0.2252,0.0000,-0.3346,-0.2746,0.6105,0.4276,-0.9738,0.0000,-0.5859,-0.1768,-0.4168,-0.0301,-2.1867,-0.7519,1.0000
0.5011,0.0000,0.0000,0.0000,0.0000,0.0000,0.0000,1.9687,0.0000,2.1604,-0.8498,-1.4261,1.2417,-1.1213,-0.9768,0.0000,0.0577,0.1306,0.1258,0.0000,0.0000,1.7394,2.0000
1.0820,0.0000,0.0000,0.0000,0.0000,0.0000,0.0000,1.5324,0.0000,1.2727,-0.6807,-1.3580,1.4459,-0.6086,-0.9799,0.0000,0.4870,0.6684,0.5910,0.0000,0.0000,1.7509,2.0000
-0.0742,0.0000,0.0000,0.0000,0.0000,0.0000,0.0000,-0.7810,0.2200,0.0000,1.0306,-0.8623,0.5890,-0.9541,-0.9831,0.0000,-0.3694,-0.2507,-0.2593,-0.4850,0.0000,-0.4337,1.0000
-0.2674,0.0000,0.0000,0.0000,0.0000,0.0000,0.0000,-0.8962,0.2204,0.0000,1.7193,0.0384,0.4907,0.9355,-0.6542,0.0000,1.1282,1.3575,1.2862,-0.0356,0.0000,-0.1212,1.0000
-0.6534,0.0000,0.0000,0.0000,0.0000,0.0000,0.0000,-1.4080,1.2692,0.0000,1.7306,0.3641,-0.6357,-0.2658,0.3393,0.0000,-1.3658,-1.4744,-1.4166,0.2096,0.0000,0.8171,1.0000
0.7893,0.0000,0.0000,0.0000,0.0000,0.0000,0.0000,-0.1117,0.2252,0.0000,-0.3272,-0.6857,1.2180,0.5353,-0.3225,0.0000,0.7721,0.9774,0.9018,-0.4838,0.0000,-0.7440,1.0000
0.5028,0.0000,0.0000,0.0000,0.0000,0.0000,0.0000,1.0762,0.0000,0.6454,0.3609,1.0619,-0.7331,1.1655,0.0077,0.0000,0.6313,0.7500,0.6720,-0.5256,1.0827,-1.0584,1.0000
-0.0728,0.0000,0.0000,0.0000,0.0000,0.0000,0.0000,0.2878,0.0000,0.0000,-0.4981,-1.0090,0.9877,-0.6038,-0.9829,0.0000,-0.2949,-0.0161,-0.1780,-0.5267,0.0000,-1.0621,1.0000
1.6541,0.0000,0.0000,0.0000,0.0000,0.0000,0.0000,0.9664,0.0000,0.1687,-1.0143,1.3873,-1.4937,0.5952,1.3251,0.0000,1.2009,0.8273,1.2130,0.8954,1.0835,0.8096,2.0000
-0.3563,0.0000,0.0000,0.0000,0.0000,0.0000,0.0000,2.0995,0.0000,0.0000,0.0000,-0.9843,0.3905,-1.5732,-0.9829,0.0000,-2.2169,-1.3161,-1.4894,0.3290,-2.1968,1.4366,3.0000
-0.0687,0.0000,0.0000,0.0000,0.0000,0.0000,0.0000,1.4937,0.0000,0.7358,-0.6810,-1.4131,1.1205,-1.2962,-0.9862,0.0000,-0.1575,-0.1712,-0.1797,0.0000,0.0000,1.7570,2.0000
-1.0280,0.0000,0.0000,0.0000,0.0000,0.0000,0.0000,-0.7190,0.2111,-0.5893,-0.6827,-0.3921,-0.0028,-0.9009,-0.3283,0.0000,-1.0178,-1.0142,-1.0313,-0.3620,0.0000,0.5129,1.0000
-1.3194,0.0000,0.0000,0.0000,0.0000,0.0000,0.0000,-0.4363,0.2115,0.0000,-1.1998,0.6839,-0.5656,0.5859,0.9913,0.0000,1.5588,0.2847,-0.1062,2.4309,0.0000,-0.1134,1.0000
0.1153,0.0000,0.0000,0.0000,0.0000,0.0000,0.0000,0.4719,0.0000,-0.5449,-0.1731,-0.9657,0.6898,-1.0151,-0.9857,0.0000,-0.0845,-0.2502,-0.1836,-0.4800,1.0776,0.8259,1.0000
0.2114,0.0000,0.0000,0.0000,0.0000,0.0000,0.0000,-0.0378,0.0000,0.3041,-0.8601,-0.7687,0.8237,-0.3319,-0.6590,1.0364,0.1305,0.4366,0.3561,-0.4810,0.0000,-0.7367,1.0000
0.6904,0.0000,0.0000,0.0000,0.0000,0.0000,0.0000,0.1887,0.2060,-0.5442,-1.2058,1.1291,-1.2214,0.4675,0.9881,0.0000,1.0616,0.8951,0.9730,-0.2784,1.0784,-0.7386,1.0000
1.0748,0.0000,0.0000,0.0000,0.0000,0.0000,0.0000,-0.1503,0.2064,0.0000,1.5367,1.7838,-1.2928,1.8381,1.6508,1.0371,0.6357,0.8216,0.7452,-0.3196,0.0000,-1.0531,1.0000
0.6004,0.0000,0.0000,0.0000,0.0000,0.0000,0.0000,0.5270,0.2068,0.0000,1.2013,0.8929,-0.9016,0.4767,0.0000,0.0000,0.3511,0.7478,0.5932,-0.0360,1.0792,-0.7443,1.0000
-1.3097,0.0000,0.0000,0.0000,0.0000,0.0000,0.0000,-0.4305,0.2071,0.0000,0.8619,0.2432,0.0218,0.5922,0.3345,1.0378,1.5662,0.3691,-0.0204,2.2334,0.0000,-0.1217,1.0000
-0.3589,0.0000,0.0000,0.0000,0.0000,0.0000,0.0000,0.4696,0.0000,1.0933,0.0036,-0.9591,0.6162,-1.1213,-0.3260,0.0000,-1.3608,-0.9225,-1.0181,-0.2734,-2.2055,-1.0573,1.0000
-0.2641,0.0000,0.0000,0.0000,0.0000,0.0000,0.0000,-0.1480,0.2045,-0.0300,-0.8559,0.7914,-1.4605,-0.7254,0.9937,0.0000,0.2822,-0.3935,-0.0240,1.1522,1.0797,0.8100,1.0000
1.5479,0.0000,0.0000,0.0000,0.0000,0.0000,0.0000,1.9850,0.0000,1.7520,-0.8584,-1.4346,1.6715,-0.3845,-0.9834,0.0000,1.0704,1.1995,1.2018,0.0000,1.0838,1.7473,2.0000
1.5572,0.0000,0.0000,0.0000,0.0000,0.0000,0.0000,0.2530,0.2019,-0.1652,0.5128,1.9189,-1.4341,1.8970,1.3238,0.0000,1.4326,1.2806,1.3603,-0.0682,1.0879,0.8214,2.0000
0.7996,0.0000,0.0000,0.0000,0.0000,0.0000,0.0000,-0.2536,0.2023,0.0000,0.0000,1.5568,-0.9103,1.9698,0.3386,0.0000,2.9474,2.7312,2.9030,-0.0277,1.0921,-0.1141,1.0000
0.3229,0.0000,0.0000,0.0000,0.0000,0.0000,0.0000,1.1521,0.0000,1.0528,-0.3499,0.7071,-0.8136,0.2008,-0.3207,0.0000,0.3067,0.3112,0.3064,-0.5553,1.0963,1.7582,2.0000
-1.0157,0.0000,0.0000,0.0000,0.0000,0.0000,0.0000,0.5377,0.0000,-0.5395,1.0227,0.5575,-1.5130,-1.3517,0.9966,0.0000,-0.7098,-0.6866,-0.7031,-0.4350,1.1006,-0.7350,1.0000
-1.3064,0.0000,0.0000,0.0000,0.0000,0.0000,0.0000,-0.0231,0.1966,0.0000,0.5114,1.2144,-1.3888,0.3695,1.9886,0.0000,-1.7278,-1.4556,-1.7141,-0.0311,0.0000,-0.7370,1.0000
1.4651,0.0000,0.0000,0.0000,0.0000,0.0000,0.0000,0.4818,0.0000,-0.2145,0.1696,0.6646,-0.6297,0.4278,0.0189,1.0171,1.0278,1.3040,1.1560,-0.3948,1.1016,-0.7390,1.0000
-0.5423,0.0000,0.0000,0.0000,0.0000,0.0000,0.0000,-0.3576,2.2421,0.0000,1.0257,1.9520,-1.4301,1.9793,0.6802,2.5095,-0.4254,-0.0753,-0.3981,2.0248,0.0000,0.5089,1.0000
-1.1188,0.0000,0.0000,0.0000,0.0000,0.0000,0.0000,-0.5262,0.2034,-0.2637,-0.3399,-0.1848,-0.3041,-0.9475,0.0213,2.5429,-1.3719,-1.6891,-1.4885,-0.1471,0.0000,0.8221,1.0000
-1.0274,0.0000,0.0000,0.0000,0.0000,0.0000,0.0000,-0.0804,0.0000,0.4353,0.1721,0.3966,-1.2370,-1.2394,0.0214,0.0000,-0.8690,-0.9299,-0.9512,-0.5119,1.0992,-1.0468,1.0000
-1.7026,0.0000,0.0000,0.0000,0.0000,0.0000,0.0000,-0.1363,0.2007,-0.5882,0.3431,1.8876,-1.4759,1.7595,2.9837,1.0563,-1.0174,-1.1643,-1.1104,-0.2300,0.0000,-0.7388,1.0000
0.9803,0.0000,0.0000,0.0000,0.0000,0.0000,0.0000,2.0347,0.0000,2.9452,-0.3376,0.3301,-0.8499,-0.7215,-0.6353,0.0000,0.4354,0.5276,0.5235,-0.5534,1.1002,1.4410,3.0000
-1.0373,0.0000,0.0000,0.0000,0.0000,0.0000,0.0000,1.5500,0.0000,2.4792,-0.6784,-0.9360,0.1489,-1.8825,-0.9705,0.0000,-1.1636,-1.0888,-1.1895,-0.5547,1.1047,1.7614,2.0000
1.1727,0.0000,0.0000,0.0000,0.0000,0.0000,0.0000,-0.2930,0.0000,0.0000,-0.3404,-0.4580,0.9823,0.6636,-0.6404,0.0000,1.1601,1.1415,1.1446,-0.4352,0.0000,-0.7335,1.0000
-0.0745,0.0000,0.0000,0.0000,0.0000,0.0000,0.0000,-1.1903,1.2174,0.0000,1.0158,1.0080,-0.9801,0.6072,1.0241,0.0000,0.2913,-0.9354,-0.3330,2.4591,0.0000,0.8308,2.0000
1.1754,0.0000,0.0000,0.0000,0.0000,0.0000,0.0000,1.4967,0.0000,1.9792,-0.8463,-1.4164,1.6152,-0.4370,0.0000,0.0000,0.9461,0.9885,0.9906,0.0000,0.0000,1.7726,2.0000
-0.1665,0.0000,0.0000,0.0000,0.0000,0.0000,0.0000,-0.4620,0.1931,0.0000,0.5074,0.9830,-1.1811,0.2001,-0.3103,1.0443,-2.9027,-1.0120,-0.6415,4.1081,1.0989,0.5289,2.0000
1.3699,0.0000,0.0000,0.0000,0.0000,0.0000,0.0000,1.6702,0.0000,2.8996,-0.8459,-1.2939,1.3219,-0.6681,0.0000,0.0000,0.8045,0.8342,0.8352,0.0000,1.1034,1.4719,3.0000
-0.7392,0.0000,0.0000,0.0000,0.0000,0.0000,0.0000,-0.6837,0.1903,0.0000,-0.8486,-0.4631,0.3574,-0.4385,-0.3162,0.0000,-0.8872,-0.2417,-0.4065,-0.1400,0.0000,-0.7216,1.0000
0.9889,0.0000,0.0000,0.0000,0.0000,0.0000,0.0000,1.0026,0.0000,-0.2935,-0.1748,1.0812,-1.3136,0.1959,-0.3169,0.0000,0.3616,0.9114,0.7573,-0.1819,1.1045,0.2193,2.0000
0.7042,0.0000,0.0000,0.0000,0.0000,0.0000,0.0000,1.1189,0.0000,0.0437,-0.3440,-0.8404,0.9564,-0.2650,-0.9825,0.0000,0.8034,0.6839,0.7596,-0.5150,1.1091,1.7886,2.0000
-0.7343,0.0000,0.0000,0.0000,0.0000,0.0000,0.0000,-0.6779,0.1842,0.0000,0.1609,-0.3872,-0.0444,-0.9562,-0.3212,1.0354,-0.2226,-0.4663,-0.4010,-0.3086,1.1137,-0.7178,1.0000
-0.0648,0.0000,0.0000,0.0000,0.0000,0.0000,0.0000,-1.0173,0.1845,0.0000,-0.6799,0.8005,-1.2474,-0.3266,0.3419,0.0000,-0.4430,-1.0043,-0.7115,0.8519,1.1185,0.5393,1.0000
1.1800,0.0000,0.0000,0.0000,0.0000,0.0000,0.0000,0.4412,0.0000,0.8561,-0.0095,-0.6122,0.7870,-0.0400,-0.3200,0.0000,1.5329,1.3695,1.3743,-0.3887,1.1232,-1.0312,1.0000
-0.2522,0.0000,0.0000,0.0000,0.0000,0.0000,0.0000,-0.2879,0.1816,0.0000,-1.0161,0.5726,-1.2830,-0.9003,0.0101,1.0329,-0.8798,-1.2350,-1.0193,0.2725,1.1281,0.8512,1.0000
-1.4007,0.0000,0.0000,0.0000,0.0000,0.0000,0.0000,-0.6248,0.1820,0.0000,0.1543,1.6832,-1.2895,1.6188,1.0005,0.0000,-0.8828,-0.7796,-0.9459,-0.3052,0.0000,-0.7173,1.0000
-1.1211,0.0000,0.0000,0.0000,0.0000,0.0000,0.0000,-1.1865,0.1823,0.0000,-0.1803,-0.3029,-0.5254,-1.5900,-0.6464,1.0337,-0.9591,-1.7041,-1.6464,0.3127,1.1294,0.8505,1.0000
-1.0301,0.0000,0.0000,0.0000,0.0000,0.0000,0.0000,1.8904,0.0000,3.4342,-1.0163,-1.4147,0.7115,-2.0046,-0.9779,0.0000,-1.1827,-1.1771,-1.1919,0.0000,0.0000,1.4809,3.0000
-0.8424,0.0000,0.0000,0.0000,0.0000,0.0000,0.0000,0.1048,0.0000,0.0000,-0.3517,-0.7398,0.7136,-0.4578,-0.3221,0.0000,-0.0873,-0.0247,-0.0309,-0.4705,0.0000,-0.7116,1.0000
-1.0369,0.0000,0.0000,0.0000,0.0000,0.0000,0.0000,0.5548,0.0000,-0.5397,0.9824,0.5727,-1.5556,-1.3857,0.9939,0.0000,-0.7467,-0.7181,-0.7296,-0.4306,1.1272,-0.7137,1.0000
1.6432,0.0000,0.0000,0.0000,0.0000,0.0000,0.0000,2.1843,0.0000,0.7763,-0.5155,-0.9408,1.1135,-0.2330,-0.6481,0.0000,0.9344,1.0500,1.0519,-0.5545,1.1322,1.4817,3.0000
0.1161,0.0000,0.0000,0.0000,0.0000,0.0000,0.0000,0.7952,0.1694,1.2662,1.1494,0.5451,-0.9927,-0.4652,1.3229,0.0000,0.2793,0.2075,0.2030,-0.3513,1.1373,0.2323,2.0000
1.3644,0.0000,0.0000,0.0000,0.0000,0.0000,0.0000,0.5151,0.0000,2.2489,-0.8460,-1.4198,1.8517,-0.0615,-0.9750,0.0000,1.5215,1.6679,1.6745,0.0000,1.1424,-1.0235,1.0000
-0.0704,0.0000,0.0000,0.0000,0.0000,0.0000,0.0000,-0.0480,0.1663,-0.3811,3.1503,0.1378,-0.4217,-0.4079,1.3261,2.4946,0.0669,-0.0932,0.0554,-0.2723,1.1476,-0.3994,1.0000
2.1370,0.0000,0.0000,0.0000,0.0000,0.0000,0.0000,0.6279,0.0000,-0.3328,0.1663,-1.0216,1.4935,0.2250,-0.6452,1.0383,1.7481,1.6767,1.6840,-0.5173,1.1529,-1.0276,1.0000
0.0341,0.0000,0.0000,0.0000,0.0000,0.0000,0.0000,-0.8895,0.1632,-0.1374,1.0133,0.3610,-0.4852,-0.0046,0.3412,0.0000,0.5880,-0.3188,-0.1711,1.0270,1.1582,0.5364,1.0000
0.9025,0.0000,0.0000,0.0000,0.0000,0.0000,0.0000,0.5133,0.0000,-0.1866,0.6787,1.2176,-0.9575,1.1435,0.6707,1.0392,0.4430,0.7600,0.6831,-0.4739,1.1636,-1.0282,1.0000
1.3880,0.0000,0.0000,0.0000,0.0000,0.0000,0.0000,0.5146,0.0000,2.1089,-0.8418,-1.3714,1.8649,0.0574,-0.6411,0.0000,1.5417,1.6868,1.6939,0.0000,0.0000,-1.0324,1.0000
0.2367,0.0000,0.0000,0.0000,0.0000,0.0000,0.0000,-0.3813,4.1575,0.0000,3.3821,2.0280,-1.4995,2.0639,0.3412,4.0167,0.5249,1.0040,0.9282,1.9165,1.1654,-0.7234,1.0000
-0.8236,0.0000,0.0000,0.0000,0.0000,0.0000,0.0000,-0.5501,0.1794,0.0000,-0.5037,-0.4401,0.5924,0.0086,-0.6404,0.0000,-0.8660,-0.4612,-0.7037,-0.2270,-2.1290,-0.7256,1.0000
-1.3083,0.0000,0.0000,0.0000,0.0000,0.0000,0.0000,0.4547,0.0000,-0.5279,0.1851,-0.9737,0.2555,-1.7767,-0.6423,0.0000,-1.6747,-1.3888,-1.4838,-0.4717,0.0000,-1.0406,1.0000
-0.5434,0.0000,0.0000,0.0000,0.0000,0.0000,0.0000,2.4649,0.0000,3.2437,-1.1918,-1.3072,0.5940,-1.9654,0.0000,0.0000,-0.8056,-0.8556,-0.7916,0.0000,1.1670,1.4569,3.0000
0.8045,0.0000,0.0000,0.0000,0.0000,0.0000,0.0000,-0.2060,0.1727,0.0000,0.0000,0.2092,0.5281,1.3899,-0.6503,0.0000,2.7177,2.7750,2.8685,-0.1499,1.1726,-0.1011,1.0000
-0.3485,0.0000,0.0000,0.0000,0.0000,0.0000,0.0000,0.2438,1.2028,0.0000,3.2854,1.1727,-1.4923,0.1156,-0.6522,0.0000,-0.3612,0.0816,-0.0032,0.3359,1.1783,-0.7269,1.0000
-1.1185,0.0000,0.0000,0.0000,0.0000,0.0000,0.0000,-0.0927,0.0000,-0.0316,-0.1604,-1.1297,0.3220,-2.0369,-0.9805,0.0000,-1.0309,-1.2483,-1.1876,-0.4721,1.1842,-1.0417,1.0000
-1.1237,0.0000,0.0000,0.0000,0.0000,0.0000,0.0000,-0.9339,0.1745,0.0000,0.3674,-0.9320,0.2890,-1.6489,0.0000,0.0000,-1.0353,-1.1766,-1.1935,-0.5137,0.0000,-1.0462,1.0000
-0.7440,0.0000,0.0000,0.0000,0.0000,0.0000,0.0000,-0.0968,0.1749,-0.4318,0.5440,0.4598,-1.0230,-0.7212,-0.3377,0.0000,-0.7424,-0.6337,-0.6459,-0.4747,1.1862,-1.0508,1.0000
1.1767,0.0000,0.0000,0.0000,0.0000,0.0000,0.0000,1.3014,0.0000,1.5516,-0.5075,-1.1601,1.2616,-0.4886,-0.3385,0.0000,0.9633,1.0088,1.0112,-0.5564,1.1921,1.7590,2.0000
0.7014,0.0000,0.0000,0.0000,0.0000,0.0000,0.0000,0.0204,0.1716,0.0000,1.0682,1.2169,-0.8885,1.2690,1.2890,1.0577,1.0414,1.0913,1.0154,-0.0355,1.1982,-0.7386,1.0000
2.2417,0.0000,0.0000,0.0000,0.0000,0.0000,0.0000,0.4117,0.0000,0.0000,-0.8550,-0.7305,1.9042,1.6282,0.0000,0.0000,1.7887,2.2714,2.1259,-0.3564,-2.1286,-0.7410,1.0000
-0.8322,0.0000,0.0000,0.0000,0.0000,0.0000,0.0000,0.4686,0.0000,0.0000,-1.2085,1.2697,-1.3292,0.6393,1.2927,0.0000,-0.4338,-0.3858,-0.4759,-0.4373,0.0000,-0.7434,1.0000
-1.1259,0.0000,0.0000,0.0000,0.0000,0.0000,0.0000,-0.8116,0.1646,0.0000,0.1880,-0.8300,0.1560,-1.6535,-0.9896,0.0000,-1.0308,-1.1757,-1.1924,-0.4783,0.0000,0.8202,1.0000
-1.1313,0.0000,0.0000,0.0000,0.0000,0.0000,0.0000,-1.5938,2.2050,0.0000,1.9383,1.5515,-1.5368,0.9319,0.3146,1.0513,-1.4824,-1.4186,-1.4372,1.8743,0.0000,0.8231,1.0000
0.1244,0.0000,0.0000,0.0000,0.0000,0.0000,0.0000,1.4103,0.0000,2.6767,-0.6823,-1.0070,0.6597,-1.1899,-0.0112,0.0000,-0.2228,-0.1616,-0.1710,0.0000,1.1925,1.7644,2.0000
0.7055,0.0000,0.0000,0.0000,0.0000,0.0000,0.0000,1.9791,0.0000,2.9753,-1.0361,-1.4948,1.4079,-1.0188,-0.9884,0.0000,0.3730,0.4697,0.4651,0.0000,1.1987,1.4659,3.0000
-0.2593,0.0000,0.0000,0.0000,0.0000,0.0000,0.0000,-0.9290,0.1683,0.0000,-0.5132,-0.6633,0.7032,-0.3141,-0.9927,0.0000,-0.2213,0.0768,-0.0103,-0.3980,0.0000,-0.7291,1.0000
0.1262,0.0000,0.0000,0.0000,0.0000,0.0000,0.0000,0.9820,0.0000,0.9966,-0.5146,-1.3280,1.2148,-0.9637,-0.9969,0.0000,0.0752,0.2343,0.2275,0.0000,0.0000,-1.0462,1.0000
0.9932,0.0000,0.0000,0.0000,0.0000,0.0000,0.0000,-0.3653,0.1648,0.0000,2.6395,1.2676,-1.3621,0.5657,0.6274,1.0411,0.8904,0.8629,0.9399,-0.1219,1.1969,-0.7363,1.0000
0.9975,0.0000,0.0000,0.0000,0.0000,0.0000,0.0000,0.9266,0.0000,-0.5796,-0.1559,-0.7444,0.9793,-0.0216,-0.3466,0.0000,0.3014,0.3954,0.3902,-0.5598,0.0000,-1.0532,1.0000
0.9056,0.0000,0.0000,0.0000,0.0000,0.0000,0.0000,0.4808,0.1614,-0.2766,1.2619,1.3470,-1.3321,0.8010,1.9253,0.0000,0.5238,0.7880,0.7069,-0.2039,1.1992,-0.7435,1.0000
1.3906,0.0000,0.0000,0.0000,0.0000,0.0000,0.0000,0.7626,0.0000,0.0268,0.2041,-0.5632,0.6382,-0.1943,0.3123,0.0000,0.8943,1.1820,1.1035,-0.5611,1.2056,-1.0603,1.0000
1.3997,0.0000,0.0000,0.0000,0.0000,0.0000,0.0000,-0.0754,0.0000,-0.2260,0.3817,-0.5393,1.0150,0.5084,0.3130,0.0000,1.3404,1.5016,1.5033,-0.4836,0.0000,-0.7510,1.0000
1.0222,0.0000,0.0000,0.0000,0.0000,0.0000,0.0000,-0.4670,0.1539,0.0000,-0.6781,-0.3624,0.8151,0.5683,-0.9876,0.0000,1.2010,1.3555,1.2769,-0.4059,0.0000,-0.7536,1.0000
1.4136,0.0000,0.0000,0.0000,0.0000,0.0000,0.0000,-0.2450,0.1543,-0.4810,0.7323,-0.6687,1.0224,0.2195,-0.6666,0.0000,1.3555,1.2854,1.3637,-0.4070,1.2039,-1.0699,1.0000
2.0046,0.0000,0.0000,0.0000,0.0000,0.0000,0.0000,0.3672,0.0000,0.0000,0.5585,0.5494,-0.0965,1.0943,-0.0189,0.0000,2.1052,1.9235,1.9281,-0.2899,1.2105,0.1801,2.0000
1.4421,0.0000,0.0000,0.0000,0.0000,0.0000,0.0000,0.0346,0.0000,-0.0324,-0.3205,-0.8197,1.6360,0.9248,-0.9916,0.0000,1.8326,1.7856,1.7891,-0.4871,0.0000,-0.7588,1.0000
0.8653,0.0000,0.0000,0.0000,0.0000,0.0000,0.0000,0.4229,0.0000,0.7696,-0.6728,1.1556,-0.9423,1.0453,-0.6718,0.0000,1.0999,0.7666,1.2444,0.8452,1.2130,0.8026,1.0000
-0.2066,0.0000,0.0000,0.0000,0.0000,0.0000,0.0000,-0.5726,2.1675,0.0000,-0.3240,1.6440,-1.4578,1.2835,1.9162,1.0112,0.8801,0.6102,0.8497,0.3781,1.2199,-0.1321,1.0000
-1.0851,0.0000,0.0000,0.0000,0.0000,0.0000,0.0000,-1.0719,1.1750,0.0000,-1.2007,-0.4061,0.1385,-0.6940,-0.9952,0.0000,-0.1677,-0.3420,-0.3517,-0.3642,0.0000,-0.7562,1.0000
-0.6026,0.0000,0.0000,0.0000,0.0000,0.0000,0.0000,-1.4090,2.2035,0.0000,0.0000,1.7802,-1.4643,1.5782,2.2581,0.0000,1.1057,-0.9776,-0.6733,4.7105,0.0000,0.4874,1.0000
0.8573,0.0000,0.0000,0.0000,0.0000,0.0000,0.0000,0.2442,0.0000,0.7107,-0.6909,-1.0657,1.2610,-0.2818,-0.9989,0.0000,0.8865,0.9221,0.9257,-0.5672,0.0000,-0.7554,1.0000
-1.0871,0.0000,0.0000,0.0000,0.0000,0.0000,0.0000,-0.9167,0.1670,-0.4327,0.0098,-0.9687,0.3439,-1.6258,-1.0035,0.0000,-0.9831,-1.1361,-1.1512,-0.4869,0.0000,-1.0688,1.0000
-0.1183,0.0000,0.0000,0.0000,0.0000,0.0000,0.0000,0.0746,0.0000,0.0000,0.5358,-0.3338,0.4473,0.0019,-0.3504,0.0000,-0.1634,-0.1104,-0.1162,-0.4473,0.0000,-0.7633,1.0000
-0.7018,0.0000,0.0000,0.0000,0.0000,0.0000,0.0000,-0.6975,0.1633,0.0000,0.0123,-0.0795,0.2439,0.2359,-0.6795,0.0000,-0.8366,-0.1898,-0.4362,0.1240,0.0000,-0.7662,1.0000
0.1696,0.0000,0.0000,0.0000,0.0000,0.0000,0.0000,-0.8102,0.1637,0.0000,-0.1623,0.9640,-1.0830,0.3532,-0.0262,2.4494,-0.0182,0.2837,0.2007,-0.2837,1.2009,-0.7690,1.0000
1.4293,0.0000,0.0000,0.0000,0.0000,0.0000,0.0000,1.0585,0.0000,0.6484,-0.3370,-1.0678,1.4654,0.0629,-0.6804,0.0000,1.0996,1.2305,1.2358,-0.5288,0.0000,1.7076,2.0000
-1.2795,0.0000,0.0000,0.0000,0.0000,0.0000,0.0000,-0.3129,0.1599,0.0000,0.7054,1.1164,-1.1529,0.5860,0.6239,0.0000,-1.4298,-0.5776,-1.0676,1.0956,0.0000,-0.7673,1.0000
-0.6067,0.0000,0.0000,0.0000,0.0000,0.0000,0.0000,0.3457,0.1603,0.0000,0.8816,0.4091,-1.0909,-0.9205,-0.6788,0.0000,-0.8422,-0.3430,-0.3557,-0.1594,1.1991,-0.7702,1.0000
0.4596,0.0000,0.0000,0.0000,0.0000,0.0000,0.0000,0.0176,0.0000,1.7275,-0.3297,-0.7339,0.5786,-0.6926,-0.6812,0.0000,0.2002,0.2066,0.2797,-0.5655,1.2061,-1.0839,1.0000
0.1701,0.0000,0.0000,0.0000,0.0000,0.0000,0.0000,0.3459,0.0000,-0.5846,-0.1574,-0.6605,0.8194,-0.1158,0.2925,0.0000,0.0516,0.3640,0.2805,-0.4458,0.0000,-0.7787,1.0000
1.2343,0.0000,0.0000,0.0000,0.0000,0.0000,0.0000,0.4014,0.0000,0.9471,-0.1578,0.3011,-0.3370,0.1150,-0.3560,0.0000,1.0183,0.8348,0.9939,-0.1641,1.2088,-1.0924,1.0000
1.6292,0.0000,0.0000,0.0000,0.0000,0.0000,0.0000,2.1458,0.0000,0.2096,-0.3306,-0.6092,1.1597,0.5765,-0.6809,0.0000,1.0233,1.0729,0.9987,-0.5678,0.0000,1.3878,3.0000
0.2827,0.0000,0.0000,0.0000,0.0000,0.0000,0.0000,0.0319,0.0000,0.2595,-0.8475,-0.7629,0.8257,-0.3425,-0.6834,0.0000,0.2104,0.4524,0.3701,-0.5294,0.0000,-0.7825,1.0000
1.2535,0.0000,0.0000,0.0000,0.0000,0.0000,0.0000,-0.1873,0.1393,0.0000,-0.1635,-0.4882,1.0333,0.6328,-0.3627,0.0000,0.8787,1.2350,1.1613,-0.4104,0.0000,-0.7855,1.0000
-1.7501,0.0000,0.0000,0.0000,0.0000,0.0000,0.0000,-1.1725,0.1396,0.0000,0.1791,0.3922,-0.9019,-0.6265,0.2811,0.0000,-1.7870,-1.4951,-1.7584,-0.0907,0.0000,-0.7887,1.0000
-1.0843,0.0000,0.0000,0.0000,0.0000,0.0000,0.0000,-1.0151,0.1400,-0.5812,0.0085,-1.0147,0.5913,-1.3158,-1.0049,0.0000,-1.2092,-0.9579,-1.1403,-0.5311,0.0000,-0.7918,1.0000
-0.7971,0.0000,0.0000,0.0000,0.0000,0.0000,0.0000,-1.0203,1.1476,0.0000,-0.3328,1.4193,-1.4452,0.7977,1.2420,0.0000,0.3510,-1.1193,-0.5898,3.0624,0.0000,0.4462,1.0000
-1.0932,0.0000,0.0000,0.0000,0.0000,0.0000,0.0000,-0.9160,0.1462,0.0000,-0.1635,-0.6120,0.2811,-0.9184,0.2835,0.0000,-0.9143,-0.8902,-0.9890,-0.4471,0.0000,-0.7912,1.0000
1.4398,0.0000,0.0000,0.0000,0.0000,0.0000,0.0000,-1.1392,0.1466,0.0000,1.0252,-0.3120,1.1315,1.1970,-0.6800,0.0000,1.3896,1.4596,1.3892,-0.3263,0.0000,-0.7945,1.0000
1.3532,0.0000,0.0000,0.0000,0.0000,0.0000,0.0000,0.2239,0.0000,1.3613,-0.6684,-1.1417,1.6483,0.1721,-1.0035,0.0000,1.3999,1.6286,1.6384,0.0000,0.0000,-0.7978,1.0000
1.2648,0.0000,0.0000,0.0000,0.0000,0.0000,0.0000,-1.2512,2.1475,0.0000,1.0257,2.0436,-1.5474,2.0605,1.2383,0.9531,0.7372,0.2214,0.6142,0.8470,0.0000,0.7431,1.0000
-1.0857,0.0000,0.0000,0.0000,0.0000,0.0000,0.0000,-1.1500,0.1549,0.0000,1.2007,-0.6152,0.4277,-0.6809,-1.0037,0.0000,-0.9788,-0.7239,-0.9007,-0.4063,0.0000,-0.7964,1.0000
-0.6984,0.0000,0.0000,0.0000,0.0000,0.0000,0.0000,0.7605,0.0000,1.3118,-0.4905,-1.0475,0.7027,-1.2020,-0.6874,0.0000,-0.6848,-0.7268,-0.7453,-0.5694,0.0000,-1.1079,1.0000
-0.1119,0.0000,0.0000,0.0000,0.0000,0.0000,0.0000,-0.2214,1.1595,0.0000,0.1861,1.5029,-1.5157,0.8671,0.9150,0.9491,-0.3889,-0.8869,-0.6686,0.3981,0.0000,0.7360,1.0000
-0.6999,0.0000,0.0000,0.0000,0.0000,0.0000,0.0000,0.7606,0.0000,0.7794,-0.3207,-1.0742,0.7000,-1.2620,-0.6850,0.0000,-0.6879,-0.6552,-0.6711,-0.5680,0.0000,-1.1092,1.0000
0.8626,0.0000,0.0000,0.0000,0.0000,0.0000,0.0000,0.4365,0.1524,0.0000,2.3780,0.9011,-1.2834,-0.1158,1.2350,0.0000,0.7223,0.5980,0.6777,-0.2883,1.1514,-1.1156,1.0000
0.2800,0.0000,0.0000,0.0000,0.0000,0.0000,0.0000,0.0026,0.0000,0.4377,-0.8255,-0.7957,0.8344,-0.4040,-0.3612,0.0000,0.2053,0.3651,0.2834,-0.5701,0.0000,-0.8138,1.0000
-0.4994,0.0000,0.0000,0.0000,0.0000,0.0000,0.0000,-0.7030,0.1482,0.0000,-0.3171,0.5452,-0.9442,-0.3478,0.5982,0.0000,-0.3868,-0.4155,-0.4284,0.1491,1.1537,0.4152,1.0000
1.1536,0.0000,0.0000,0.0000,0.0000,0.0000,0.0000,1.8958,0.0000,1.5495,-0.6586,-1.1999,1.1413,-0.8075,-0.9977,0.0000,0.5729,0.6752,0.6765,0.0000,1.1609,1.6463,2.0000
-1.1773,0.0000,0.0000,0.0000,0.0000,0.0000,0.0000,-0.9734,0.1440,0.0000,-0.8312,0.0851,-0.7379,-1.0401,-0.0442,0.0000,-0.6793,-1.1915,-0.9779,0.3854,1.1681,0.4272,1.0000
1.0582,0.0000,0.0000,0.0000,0.0000,0.0000,0.0000,1.8593,0.0000,2.3347,0.1844,0.3128,-0.8437,-0.7022,-0.3631,0.0000,0.4968,0.5942,0.5949,-0.5290,1.1755,1.6614,2.0000
1.2593,0.0000,0.0000,0.0000,0.0000,0.0000,0.0000,2.0466,0.0000,2.1302,-0.8318,-1.4265,1.4114,-0.8767,-1.0002,0.0000,0.4250,0.5185,0.5183,0.0000,0.0000,1.6784,2.0000
-0.0998,0.0000,0.0000,0.0000,0.0000,0.0000,0.0000,1.0782,0.0000,1.1204,-0.6663,-1.2865,1.0453,-1.1668,-1.0057,0.0000,-0.3073,-0.1012,-0.1874,0.0000,0.0000,1.6958,2.0000
-0.1001,0.0000,0.0000,0.0000,0.0000,0.0000,0.0000,-0.5234,0.1301,0.0000,1.0217,-0.7637,0.5364,-0.8309,-1.0112,0.0000,-0.3814,-0.4114,-0.5015,-0.4960,0.0000,-0.4761,1.0000
-0.3919,0.0000,0.0000,0.0000,0.0000,0.0000,0.0000,-0.2486,0.1305,0.0000,0.5202,1.7892,-1.3804,1.7388,0.8916,5.1036,3.4872,1.1334,0.4357,6.3779,0.0000,-0.7899,1.0000
-1.0719,0.0000,0.0000,0.0000,0.0000,0.0000,0.0000,-0.6357,0.1309,0.0000,0.3533,-0.4563,-0.2236,-1.4049,-1.0113,0.0000,-0.8275,-1.1805,-1.0462,-0.3000,1.1634,0.7660,1.0000
-0.3023,0.0000,0.0000,0.0000,0.0000,0.0000,0.0000,0.0782,0.1312,0.0000,-0.8240,1.0414,-0.8409,0.9479,-0.3811,0.0000,1.1268,0.5156,0.5876,0.1006,1.1710,-0.1652,1.0000
2.5029,0.0000,0.0000,0.0000,0.0000,0.0000,0.0000,1.2875,0.0000,0.1688,0.1813,0.5645,-0.5026,0.4340,0.0000,0.0000,1.8876,2.0634,2.0708,-0.5665,1.1787,1.6984,2.0000
0.4922,0.0000,0.0000,0.0000,0.0000,0.0000,0.0000,0.1959,0.0000,2.4324,-0.4892,-0.7525,0.5887,-0.7150,-0.3907,0.0000,0.2418,0.2218,0.2136,-0.6129,1.1866,1.7170,2.0000
0.9840,0.0000,0.0000,0.0000,0.0000,0.0000,0.0000,-0.1330,0.1218,0.0000,0.1787,1.7019,-1.2162,1.8095,1.5107,0.9902,0.7725,1.0006,0.9205,-0.3050,0.0000,-0.7764,1.0000
1.1856,0.0000,0.0000,0.0000,0.0000,0.0000,0.0000,1.1808,0.0000,0.5305,0.1792,-0.9541,0.9263,-0.5968,-0.0665,0.0000,0.6247,0.6172,0.6900,-0.6155,1.1896,1.7300,2.0000
-1.0632,0.0000,0.0000,0.0000,0.0000,0.0000,0.0000,-1.3328,2.0813,0.0000,1.5115,0.6962,-1.1508,-0.3683,1.5202,0.0000,-0.9584,-1.0892,-0.9518,0.4855,0.0000,0.4877,1.0000
1.4826,0.0000,0.0000,0.0000,0.0000,0.0000,0.0000,1.5686,0.0000,2.8104,-0.6464,-1.2845,1.3697,-0.5998,-0.3768,0.0000,0.9236,0.9246,0.9221,0.0000,1.1927,1.4340,3.0000
1.4963,0.0000,0.0000,0.0000,0.0000,0.0000,0.0000,2.2465,0.0000,-0.3562,-0.1486,-1.2944,1.5866,-0.2573,0.0000,0.0000,0.9285,1.1626,1.0053,0.0000,0.0000,1.4467,3.0000
1.9059,0.0000,0.0000,0.0000,0.0000,0.0000,0.0000,0.9464,0.0000,2.3703,-0.3154,-0.3853,0.5019,-0.0288,-0.3867,2.4569,1.6124,1.4816,1.5591,-0.4877,1.1958,-1.0751,1.0000
-0.6587,0.0000,0.0000,0.0000,0.0000,0.0000,0.0000,-0.4440,0.1151,0.0000,0.6791,-0.9469,0.4694,-1.3433,-1.0234,0.0000,-0.4926,-0.3775,-0.3903,-0.5770,1.2043,-1.0818,1.0000
-1.7556,0.0000,0.0000,0.0000,0.0000,0.0000,0.0000,-1.1696,0.1154,0.0000,0.0194,-0.3411,0.1971,-0.4378,-0.7118,0.0000,-1.7799,-1.3908,-1.5677,-0.2296,-1.9781,-0.7716,1.0000
1.4261,0.0000,0.0000,0.0000,0.0000,0.0000,0.0000,1.0525,0.0000,0.0030,-0.6412,-1.5104,1.6664,-0.6108,0.0000,0.0000,0.9379,1.0171,0.9362,0.0000,0.0000,1.7591,2.0000
-2.0753,0.0000,0.0000,0.0000,0.0000,0.0000,0.0000,-0.9488,0.1105,-0.2005,0.1805,-0.7604,0.3117,-1.1838,0.0000,0.9897,-1.7959,-1.7093,-1.8926,-0.5385,-2.0045,-0.7696,1.0000
-1.0945,0.0000,0.0000,0.0000,0.0000,0.0000,0.0000,-1.0657,0.1109,0.0000,0.3455,-0.4585,0.0387,-0.9638,-1.0537,0.0000,-0.5166,-0.6301,-0.6494,-0.3668,0.0000,-0.7733,1.0000
2.1457,0.0000,0.0000,0.0000,0.0000,0.0000,0.0000,0.1547,1.0885,0.0000,4.2821,1.9530,-1.5318,1.8287,1.1731,6.9504,1.1629,1.4837,1.4864,0.3250,1.2001,-0.7770,1.0000
2.6956,0.0000,0.0000,0.0000,0.0000,0.0000,0.0000,1.1563,0.0000,-0.3087,0.7403,0.5470,-0.4845,0.4151,0.0000,0.0000,1.9363,2.1275,2.0573,-0.5811,1.2090,1.7605,2.0000
-0.5827,0.0000,0.0000,0.0000,0.0000,0.0000,0.0000,-1.0626,0.1125,0.0000,0.0000,1.5207,-1.4783,0.9329,1.1764,0.0000,0.1899,0.0164,0.3241,2.0466,1.2180,0.5038,1.0000
-0.3763,0.0000,0.0000,0.0000,0.0000,0.0000,0.0000,-0.0112,0.1129,0.0000,-1.1741,1.6902,-1.0465,2.0278,-0.0978,1.2104,-0.3481,0.8887,0.3252,1.9489,0.0000,-0.1323,1.0000
1.2887,0.0000,0.0000,0.0000,0.0000,0.0000,0.0000,-0.4000,0.1132,0.0000,2.8191,1.0391,-1.3280,0.0913,0.2216,1.2196,0.9551,0.8936,0.9651,-0.2183,1.2217,-1.0867,1.0000
0.5688,0.0000,0.0000,0.0000,0.0000,0.0000,0.0000,0.2079,0.0000,0.0316,-0.4798,-1.1236,1.2081,-0.4857,0.0000,0.0000,0.7307,0.7401,0.6515,-0.5694,0.0000,-0.7759,1.0000
-0.5744,0.0000,0.0000,0.0000,0.0000,0.0000,0.0000,-0.9511,0.1082,0.0000,1.1154,0.5745,0.3899,1.9314,1.4931,0.0000,-0.1851,0.0319,0.0168,-0.3532,-2.0091,-0.4619,1.0000
0.0468,0.0000,0.0000,0.0000,0.0000,0.0000,0.0000,1.0307,0.0000,2.2715,0.0577,1.5313,-0.8121,2.0766,1.1874,1.2170,-0.3384,-0.2833,-0.3009,-0.5724,0.0000,1.7556,2.0000
-1.0927,0.0000,0.0000,0.0000,0.0000,0.0000,0.0000,-0.5088,0.1030,0.0000,-0.1191,-0.4213,-0.0264,-1.0000,-0.4103,1.2265,-1.1012,-1.0704,-1.0942,-0.4878,0.0000,-1.0940,1.0000
1.0767,0.0000,0.0000,0.0000,0.0000,0.0000,0.0000,1.1970,0.0000,1.1481,0.0570,-0.8105,0.8296,-0.4192,0.2292,1.2363,0.6440,0.7313,0.6422,-0.5764,1.2132,1.7727,2.0000
0.1506,0.0000,0.0000,0.0000,0.0000,0.0000,0.0000,2.1994,0.0000,2.0654,-0.8225,-1.3568,1.1419,-1.1236,-0.7286,0.0000,-0.1899,-0.0505,-0.1462,-0.6222,0.0000,1.4748,3.0000
-1.0897,0.0000,0.0000,0.0000,0.0000,0.0000,0.0000,-1.3898,1.0514,0.0000,-0.6512,0.7013,-1.3492,-0.7214,-1.0513,2.9988,-1.9349,-1.7730,-1.7243,0.2393,0.0000,0.8443,1.0000
2.0066,0.0000,0.0000,0.0000,0.0000,0.0000,0.0000,0.8944,0.0000,1.5835,-0.1279,-0.7165,0.9387,-0.0227,-0.1009,0.0000,1.7082,1.7507,1.8261,-0.6215,1.2111,-1.0862,1.0000
1.4129,0.0000,0.0000,0.0000,0.0000,0.0000,0.0000,1.5717,0.0000,1.7041,0.3963,-0.6942,0.7386,-0.3144,0.5351,0.0000,1.1912,1.1391,1.1321,-0.5383,1.2208,1.8106,2.0000
-1.0896,0.0000,0.0000,0.0000,0.0000,0.0000,0.0000,-0.8301,0.0877,-0.3854,0.0490,-1.0067,0.3653,-1.6534,-1.0498,0.0000,-0.8816,-1.0771,-1.0217,-0.5406,0.0000,-1.0903,1.0000
-0.8877,0.0000,0.0000,0.0000,0.0000,0.0000,0.0000,2.5383,0.0000,0.1267,-0.8199,-1.1679,0.9134,-1.0889,-1.0570,0.0000,-0.8867,-0.7668,-0.8684,0.0000,-2.0130,1.5049,3.0000
1.0992,0.0000,0.0000,0.0000,0.0000,0.0000,0.0000,1.4002,0.0000,1.6117,-0.4772,-1.1771,1.2264,-0.5699,-0.7468,0.0000,0.7252,0.7377,0.7272,-0.6318,0.0000,1.8481,2.0000
-1.4109,0.0000,0.0000,0.0000,0.0000,0.0000,0.0000,-0.5393,0.0763,-0.4275,0.3868,0.4920,-0.6108,0.0701,0.5181,0.0000,-1.2702,-1.0818,-1.1869,-0.5921,0.0000,-1.0894,1.0000
-0.0565,0.0000,0.0000,0.0000,0.0000,0.0000,0.0000,-1.1722,1.0267,0.0000,-1.1660,0.7517,-0.6478,0.5943,0.2039,0.0000,0.2596,0.1794,0.3238,0.5540,1.2118,0.5509,1.0000
-1.1060,0.0000,0.0000,0.0000,0.0000,0.0000,0.0000,-0.5503,0.0835,-0.2274,0.0351,-0.9677,0.2010,-1.8428,-0.7416,0.0000,-1.1221,-1.0850,-1.1110,-0.5472,1.2220,-1.0912,1.0000
1.4058,0.0000,0.0000,0.0000,0.0000,0.0000,0.0000,1.3941,0.0000,1.4055,-0.3095,-1.3084,1.4244,-0.5236,-1.0605,0.0000,0.9451,1.0430,1.0364,-0.6343,1.2324,1.8628,2.0000
-0.5817,0.0000,0.0000,0.0000,0.0000,0.0000,0.0000,-1.0620,0.0778,0.0000,0.5483,0.5355,0.4167,1.9282,0.1921,1.2348,-0.2016,-0.2949,-0.3140,-0.5529,-2.0271,-1.0960,1.0000
0.5720,0.0000,0.0000,0.0000,0.0000,0.0000,0.0000,0.1946,0.0000,2.3837,-0.6489,-1.3908,1.1662,-1.1664,-1.0634,0.0000,0.2573,0.3352,0.3218,0.0000,1.2427,-1.1043,1.0000
-0.7888,0.0000,0.0000,0.0000,0.0000,0.0000,0.0000,-0.6066,0.0720,-0.4175,0.3742,-0.6569,0.2569,-1.0579,-1.0713,0.0000,-0.8871,-0.6860,-0.7882,-0.5591,0.0000,-0.7804,1.0000
-0.4791,0.0000,0.0000,0.0000,0.0000,0.0000,0.0000,-0.6667,0.0722,0.0000,-0.6476,1.1424,-1.0991,0.7071,2.0642,0.0000,-0.0534,-0.6110,-0.3964,0.8658,0.0000,0.5433,1.0000
-0.3767,0.0000,0.0000,0.0000,0.0000,0.0000,0.0000,-0.3278,0.0725,0.0000,0.2002,0.5588,0.2164,1.6546,0.5129,0.0000,-0.1296,-0.1440,-0.2399,-0.5131,0.0000,-0.7791,1.0000
0.2467,0.0000,0.0000,0.0000,0.0000,0.0000,0.0000,-0.6703,0.0728,0.0000,0.2009,-0.8530,0.9615,-0.2821,-0.4365,0.0000,0.0215,0.2458,0.1531,-0.5572,0.0000,-0.7835,1.0000
-1.2056,0.0000,0.0000,0.0000,0.0000,0.0000,0.0000,-0.8440,0.0730,0.0000,-1.3197,0.0666,-0.7908,-1.2298,0.5106,0.0000,-1.1109,-1.8539,-1.6519,0.8174,0.0000,0.5332,1.0000
-0.4885,0.0000,0.0000,0.0000,0.0000,0.0000,0.0000,0.3981,0.0733,0.0000,0.3622,0.7325,-1.1670,-0.3518,-0.4335,0.0000,0.0136,0.0785,0.0637,-0.4283,1.2211,-0.7822,1.0000
0.0278,0.0000,0.0000,0.0000,0.0000,0.0000,0.0000,-0.5612,0.0735,0.0000,-1.3260,0.3276,0.0407,0.8286,0.8229,1.1976,1.8960,1.1739,1.2446,0.6090,1.2322,-0.1287,1.0000
-1.2119,0.0000,0.0000,0.0000,0.0000,0.0000,0.0000,-0.2255,0.0000,0.0000,-0.3228,0.0232,-0.4310,-0.7010,0.1995,0.0000,0.9400,-0.6175,-0.6368,2.1464,1.2436,0.5264,1.0000
-0.2915,0.0000,0.0000,0.0000,0.0000,0.0000,0.0000,0.7850,0.0000,-0.0337,-0.3241,-1.2712,0.9785,-1.2351,-1.0521,0.0000,-0.3453,-0.3080,-0.3252,0.0000,0.0000,-1.1059,1.0000
-1.1178,0.0000,0.0000,0.0000,0.0000,0.0000,0.0000,-0.5570,0.0612,-0.5417,-0.1571,-0.2659,-0.2576,-1.0696,-0.7471,1.1941,-1.3315,-1.3219,-1.1895,-0.2927,0.0000,0.5212,1.0000
1.1442,0.0000,0.0000,0.0000,0.0000,0.0000,0.0000,-1.0634,0.0614,0.0000,2.0227,0.1387,0.0427,0.3985,-0.4387,2.9411,0.7818,0.6173,0.6855,-0.2103,1.2417,0.8500,1.0000
-1.0166,0.0000,0.0000,0.0000,0.0000,0.0000,0.0000,-0.0080,0.0616,0.1094,0.7044,0.4171,-1.2247,-1.1896,2.0535,1.2643,-0.8065,-0.7823,-0.8791,-0.5027,1.2536,-0.7746,1.0000
0.7331,0.0000,0.0000,0.0000,0.0000,0.0000,0.0000,-0.1754,3.6907,0.0000,4.2659,1.9803,-1.5038,1.9842,1.1479,1.2768,0.7794,0.9250,0.9954,1.1150,1.2659,-0.7793,1.0000
0.0150,0.0000,0.0000,0.0000,0.0000,0.0000,0.0000,-1.3989,1.0495,0.0000,0.0000,0.7192,-0.4479,0.8889,0.2099,0.0000,-0.5018,0.1538,-0.1723,1.5820,0.0000,0.5161,1.0000
1.0432,0.0000,0.0000,0.0000,0.0000,0.0000,0.0000,1.3746,0.0000,0.8015,0.7879,0.5963,-0.7848,0.0009,-0.1042,0.0000,0.4764,0.6193,0.6077,-0.5714,1.2716,1.8153,2.0000
-1.1083,0.0000,0.0000,0.0000,0.0000,0.0000,0.0000,-1.0733,2.9587,0.0000,1.1582,2.0450,-1.5254,2.0792,0.8366,0.0000,-1.4016,-1.7739,-1.6474,0.3434,0.0000,0.8647,1.0000
-1.0150,0.0000,0.0000,0.0000,0.0000,0.0000,0.0000,1.8308,0.0000,3.8936,-1.2088,-1.5343,0.8075,-2.1489,-0.7247,0.0000,-1.1160,-0.9454,-1.0444,0.0000,0.0000,1.5242,3.0000
0.9332,0.0000,0.0000,0.0000,0.0000,0.0000,0.0000,0.1095,0.0000,-0.4425,0.0620,-1.0900,1.3834,-0.0606,-0.7290,0.0000,0.6123,0.6843,0.5941,-0.6150,-1.9888,-1.0839,1.0000
0.7343,0.0000,0.0000,0.0000,0.0000,0.0000,0.0000,0.8423,0.1092,-0.5502,1.1574,0.9941,-0.9252,0.6690,-0.4212,0.0000,1.3696,1.0772,1.1450,-0.0391,1.2696,-0.7645,1.0000
2.3824,0.0000,0.0000,0.0000,0.0000,0.0000,0.0000,-0.3898,4.0255,0.0000,-1.0250,2.0875,-1.5382,2.1293,1.1327,0.0000,-1.5652,-0.3923,-0.1761,3.7939,0.0000,0.8718,2.0000
-0.7982,0.0000,0.0000,0.0000,0.0000,0.0000,0.0000,-0.5038,0.1518,-0.3464,0.2462,-0.5656,0.1338,-1.0856,-1.0377,0.0000,-0.9023,-0.7044,-0.8011,-0.5331,0.0000,-0.7616,1.0000
-1.1173,0.0000,0.0000,0.0000,0.0000,0.0000,0.0000,-1.2332,1.1941,0.0000,0.6115,-0.4118,0.2693,-0.4790,-0.7348,1.2281,-0.9850,-0.7087,-0.8065,-0.3182,0.0000,-0.7665,1.0000
-0.2901,0.0000,0.0000,0.0000,0.0000,0.0000,0.0000,-0.0694,1.2060,0.0000,3.3399,1.9565,-1.5104,1.8530,0.5049,3.0010,-0.3846,-0.1722,-0.0338,0.5045,0.0000,0.5358,1.0000
-0.2914,0.0000,0.0000,0.0000,0.0000,0.0000,0.0000,-0.3487,1.2183,0.0000,0.4818,1.9964,-1.5312,1.8877,1.1278,1.3101,-0.8411,-0.2499,-0.5764,1.6315,0.0000,0.5386,1.0000
0.3308,0.0000,0.0000,0.0000,0.0000,0.0000,0.0000,-1.0175,1.2310,0.0000,-0.6514,-0.4174,0.6897,0.2928,-0.7245,0.0000,0.3640,0.6688,0.5796,-0.3466,0.0000,-0.7581,1.0000
-0.7029,0.0000,0.0000,0.0000,0.0000,0.0000,0.0000,-1.1375,1.2441,0.0000,-0.8441,1.0439,-1.0011,0.6067,0.5104,0.0000,0.3657,-0.8566,-0.4190,2.7326,0.0000,0.5342,1.0000
-0.5008,0.0000,0.0000,0.0000,0.0000,0.0000,0.0000,-0.6474,2.3102,0.0000,1.0357,1.9582,-1.5861,1.6701,1.7488,0.0000,-0.9851,-0.2518,-0.8051,2.4335,0.0000,0.5371,1.0000
1.1442,0.0000,0.0000,0.0000,0.0000,0.0000,0.0000,1.8482,0.0000,2.8215,-0.8417,-1.3691,1.3249,-0.7529,-0.7140,0.0000,0.5093,0.7361,0.6462,0.0000,0.0000,1.8297,2.0000
0.8463,0.0000,0.0000,0.0000,0.0000,0.0000,0.0000,2.0525,0.0000,2.6171,-0.8479,-1.4674,1.2381,-1.1343,-1.0297,0.0000,0.3622,0.3613,0.3442,0.0000,1.2147,1.8646,2.0000
-0.3833,0.0000,0.0000,0.0000,0.0000,0.0000,0.0000,-1.0890,0.2140,0.0000,0.0000,-0.2641,0.3937,0.1103,-0.1055,0.0000,0.2148,0.5144,0.4221,-0.2392,0.0000,-0.0745,1.0000
0.0252,0.0000,0.0000,0.0000,0.0000,0.0000,0.0000,-0.9855,1.2808,0.0000,0.8313,1.5492,-1.4853,0.8611,0.5136,0.0000,0.3644,-0.6139,-0.0313,2.4722,1.2200,0.5811,1.0000
-0.2812,0.0000,0.0000,0.0000,0.0000,0.0000,0.0000,1.9126,0.0000,2.9565,-1.2446,-0.1987,0.2815,0.0558,0.5165,0.0000,-0.5961,-0.5424,-0.5606,-0.5939,0.0000,1.8924,2.0000
1.3454,0.0000,0.0000,0.0000,0.0000,0.0000,0.0000,2.2995,0.0000,3.1491,-1.0692,-1.4751,1.3787,-0.8767,-1.0196,0.0000,0.5813,0.5790,0.5666,-0.5974,0.0000,1.6011,3.0000
0.5456,0.0000,0.0000,0.0000,0.0000,0.0000,0.0000,1.1309,0.0000,-0.0915,-0.1300,-0.5688,0.2277,-0.8837,-0.4133,0.0000,0.4376,0.2835,0.4197,-0.4630,1.2175,1.9605,2.0000
0.3452,0.0000,0.0000,0.0000,0.0000,0.0000,0.0000,-0.0948,0.0000,0.0000,-0.8869,-0.1370,0.6397,0.8468,0.1980,0.0000,0.7333,1.1781,1.0208,-0.0988,0.0000,-0.6969,1.0000
0.5498,0.0000,0.0000,0.0000,0.0000,0.0000,0.0000,1.2540,0.0000,-0.0973,-0.1386,-1.1125,0.8487,-1.0059,-1.0226,0.0000,0.2994,0.2962,0.2816,-0.6013,1.2232,-1.0386,2.0000
-1.3672,0.0000,0.0000,0.0000,0.0000,0.0000,0.0000,-0.7898,0.1869,0.0000,0.8009,-0.8530,0.4462,-1.1393,-1.0324,0.0000,-1.3022,-1.1875,-1.2827,-0.6051,-1.9445,-1.0486,1.0000
-1.0813,0.0000,0.0000,0.0000,0.0000,0.0000,0.0000,-0.7958,0.1878,-0.3927,0.6193,-0.4267,-0.1629,-1.2758,-0.1257,0.0000,-0.8801,-1.2009,-1.2239,-0.3821,0.0000,-1.0590,1.0000
-1.1940,0.0000,0.0000,0.0000,0.0000,0.0000,0.0000,-0.0984,0.1887,0.0000,-0.4997,0.7848,0.2084,2.1952,0.7862,1.2032,-0.3762,-0.3946,-0.4887,-0.2938,-1.9846,-0.7322,1.0000
0.1154,0.0000,0.0000,0.0000,0.0000,0.0000,0.0000,-0.6241,0.1897,0.0000,-0.8757,0.8986,-0.9691,0.2912,1.7032,2.9683,0.7128,-0.0997,0.2554,1.5947,1.2257,0.9460,1.0000
0.1159,0.0000,0.0000,0.0000,0.0000,0.0000,0.0000,2.4553,0.0000,3.0343,-1.0695,-1.5417,1.1426,-1.4759,-1.0226,0.0000,-0.2254,-0.1741,-0.1895,0.0000,0.0000,1.6277,3.0000
-0.5893,0.0000,0.0000,0.0000,0.0000,0.0000,0.0000,-0.4409,0.1821,0.0000,-0.5213,-0.4026,0.6160,0.2165,-0.4197,0.0000,-0.5155,-0.1014,-0.4125,-0.1067,-2.0213,-0.7182,1.0000
1.5175,0.0000,0.0000,0.0000,0.0000,0.0000,0.0000,0.9831,0.0000,0.5574,0.0328,-0.5668,0.6538,-0.0986,0.1886,0.0000,1.0649,1.1428,1.0596,-0.6022,1.2309,-1.0620,1.0000
-0.4808,0.0000,0.0000,0.0000,0.0000,0.0000,0.0000,-0.2554,1.2101,0.0000,0.0000,1.3654,-1.3862,0.5932,1.1012,3.0695,-4.5423,-3.3175,-4.3885,4.1936,-2.0664,1.2980,3.0000
-1.0885,0.0000,0.0000,0.0000,0.0000,0.0000,0.0000,-0.8483,0.1869,-0.3944,0.2032,-0.0732,-0.1606,-0.4693,-0.4077,0.0000,-1.0210,-1.2136,-1.3137,-0.1269,0.0000,0.6357,1.0000
1.5225,0.0000,0.0000,0.0000,0.0000,0.0000,0.0000,1.7436,0.0000,3.5540,-1.0947,-1.4709,1.4472,-0.7221,-1.0160,0.0000,0.8999,0.8647,0.8822,0.0000,1.2371,1.6570,3.0000
1.3455,0.0000,0.0000,0.0000,0.0000,0.0000,0.0000,-0.7872,0.1790,0.0000,0.9364,-0.3865,0.7962,0.5814,0.1855,0.0000,1.3102,1.1822,1.2998,-0.2803,0.0000,-0.7050,1.0000
-2.1036,0.0000,0.0000,0.0000,0.0000,0.0000,0.0000,-1.0321,0.1799,-0.0136,0.5742,-0.7926,0.2983,-1.2784,0.0000,0.0000,-2.1416,-1.8299,-2.1350,-0.5732,-2.1072,-1.0517,1.0000
2.1996,0.0000,0.0000,0.0000,0.0000,0.0000,0.0000,0.2683,0.0000,0.0000,-1.0870,-0.6112,1.5724,1.5092,-0.7348,1.3155,1.8256,2.2931,2.1588,-0.1900,0.0000,-0.7219,1.0000
-1.0198,0.0000,0.0000,0.0000,0.0000,0.0000,0.0000,0.5664,0.0000,1.3470,-1.0995,0.6430,-0.6598,0.2802,0.7693,0.0000,-1.1314,-1.1677,-1.1087,-0.2874,0.0000,0.9750,1.0000
1.8349,0.0000,0.0000,0.0000,0.0000,0.0000,0.0000,0.3931,0.1625,0.3062,-0.3708,1.7691,-1.1360,2.0308,0.1731,0.0000,1.6922,1.3968,1.5317,-0.2890,1.2245,-1.0576,1.0000
0.0509,0.0000,0.0000,0.0000,0.0000,0.0000,0.0000,-1.1935,1.1767,0.0000,1.6572,0.7828,-1.0826,-0.1996,0.7737,0.0000,-0.2112,-1.0115,-0.4238,2.2363,1.2411,0.9745,1.0000
0.2651,0.0000,0.0000,0.0000,0.0000,0.0000,0.0000,-1.0323,0.1766,0.0000,-0.1722,1.1671,-1.1967,0.4948,0.4813,3.1457,0.0392,0.0308,0.0887,0.3127,1.2584,0.6442,1.0000
0.3731,0.0000,0.0000,0.0000,0.0000,0.0000,0.0000,0.0772,0.0000,0.6009,-0.9147,-0.8166,0.8166,-0.3834,-0.7071,0.0000,0.2063,0.5146,0.4307,-0.5103,0.0000,-0.7089,1.0000
-1.1074,0.0000,0.0000,0.0000,0.0000,0.0000,0.0000,-1.2136,1.1765,0.0000,0.1873,-0.7164,0.2840,-1.1379,0.0000,0.0000,-0.6224,-0.6859,-0.7566,-0.4656,0.0000,-0.7149,1.0000
2.8029,0.0000,0.0000,0.0000,0.0000,0.0000,0.0000,1.0058,0.0000,0.0000,-0.3643,-0.6687,1.2599,0.7936,-0.1341,0.0000,2.0193,2.1898,2.2898,-0.5650,1.2554,-1.0587,1.0000
-0.9142,0.0000,0.0000,0.0000,0.0000,0.0000,0.0000,0.3110,0.0000,0.0000,-0.3667,-0.4597,-0.1708,-1.3919,-0.1349,0.0000,-0.7838,-0.5181,-0.6690,-0.5692,1.2740,-0.7335,1.0000
-1.4760,0.0000,0.0000,0.0000,0.0000,0.0000,0.0000,-0.8582,0.1621,0.7606,-0.5515,0.4979,-0.7752,-0.2817,-1.0207,1.3621,-1.0431,-1.0924,-1.1080,-0.3348,0.0000,0.6083,1.0000
0.2754,0.0000,0.0000,0.0000,0.0000,0.0000,0.0000,1.0627,0.0000,0.1603,-0.5557,0.6875,-0.8493,0.0299,0.1476,0.0000,0.2894,0.3625,0.3533,-0.5745,1.2824,-0.7303,1.0000
-0.6076,0.0000,0.0000,0.0000,0.0000,0.0000,0.0000,-0.9722,0.1529,0.0000,0.0000,0.0842,0.4443,1.0269,-0.1450,0.0000,1.2112,1.0957,1.3057,0.0835,0.0000,-0.0670,1.0000
0.3791,0.0000,0.0000,0.0000,0.0000,0.0000,0.0000,0.3037,0.0000,1.9584,-0.9514,-1.3375,1.3448,-0.6433,-1.0211,0.0000,0.2227,0.3784,0.2860,0.0000,-2.0985,-1.0664,1.0000
-1.1530,0.0000,0.0000,0.0000,0.0000,0.0000,0.0000,-1.6146,2.1284,0.0000,2.5106,0.7570,-1.1707,-0.4004,0.4254,1.3486,-0.9435,-1.8837,-2.0413,1.2480,0.0000,0.9196,1.0000
1.0275,0.0000,0.0000,0.0000,0.0000,0.0000,0.0000,0.1713,0.0000,0.0000,-0.3966,-0.6085,1.0555,0.5238,-0.7330,0.0000,0.8792,1.0214,0.9724,-0.4734,0.0000,-0.7350,1.0000
-0.8277,0.0000,0.0000,0.0000,0.0000,0.0000,0.0000,-1.3468,1.1757,0.0000,-0.5876,1.4639,-1.4102,0.8355,1.5765,0.0000,-0.6094,-1.7612,-1.5675,2.7076,0.0000,0.9183,1.0000
-0.5073,0.0000,0.0000,0.0000,0.0000,0.0000,0.0000,-0.6072,0.1777,0.0000,-1.1546,1.0693,-0.9311,0.7830,1.9040,0.0000,-0.1171,-0.7240,-0.3586,1.2959,0.0000,0.5972,1.0000
-0.8389,0.0000,0.0000,0.0000,0.0000,0.0000,0.0000,-1.1391,0.1789,0.0000,1.0815,0.3679,-0.9422,-0.8631,0.1769,1.3341,-0.5299,-0.5649,-0.5378,-0.3496,1.2462,-0.3890,1.0000
-1.3930,0.0000,0.0000,0.0000,0.0000,0.0000,0.0000,0.5442,0.0000,0.2581,-0.4073,-1.2382,0.4270,-2.0962,-1.0043,1.3582,-1.2724,-1.3143,-1.4216,0.0000,0.0000,-1.0492,1.0000
0.2250,0.0000,0.0000,0.0000,0.0000,0.0000,0.0000,1.2491,0.0000,-0.1583,-0.7844,-0.9412,1.2342,0.0805,-1.0175,0.0000,0.1883,0.4082,0.3208,-0.6021,-2.1351,1.8965,2.0000
-0.6454,0.0000,0.0000,0.0000,0.0000,0.0000,0.0000,-1.6589,2.1564,0.0000,-1.5389,1.8244,-1.4345,1.6355,2.2219,1.3703,-0.4652,-0.9118,-0.7331,1.3283,0.0000,0.6167,1.0000
1.0858,0.0000,0.0000,0.0000,0.0000,0.0000,0.0000,0.8483,0.0000,0.0000,-0.2561,-0.2448,0.3305,0.0411,-0.4215,0.0000,0.7524,0.9770,0.9267,-0.5929,1.2441,-1.0447,1.0000
-0.8551,0.0000,0.0000,0.0000,0.0000,0.0000,0.0000,-0.9174,0.1797,0.0000,-0.2579,0.5013,-0.5759,0.1039,-0.1225,0.0000,-0.6199,-0.3315,-0.6398,-0.1139,0.0000,-0.7259,1.0000
0.5456,0.0000,0.0000,0.0000,0.0000,0.0000,0.0000,0.1944,0.1810,0.5208,0.4839,0.8245,-0.5141,0.9735,1.0777,3.2555,1.8807,1.5541,1.7119,-0.2590,1.2527,0.2643,2.0000
-0.3135,0.0000,0.0000,0.0000,0.0000,0.0000,0.0000,0.0196,0.1823,0.0000,-1.1766,0.9933,-0.6853,1.0488,-0.4092,0.0000,-0.4461,0.3478,0.0775,0.0737,0.0000,-0.7252,1.0000
1.4013,0.0000,0.0000,0.0000,0.0000,0.0000,0.0000,-0.1553,0.0000,0.3980,-0.8256,-0.6103,1.2342,0.8781,0.1852,0.0000,1.2699,1.4221,1.3971,-0.4480,0.0000,-0.7330,1.0000
-1.0547,0.0000,0.0000,0.0000,0.0000,0.0000,0.0000,1.6393,0.0000,1.2681,-0.2803,0.0965,-0.2439,-0.2267,0.1866,0.0000,-1.2563,-1.0381,-1.1412,-0.5935,0.0000,1.8855,2.0000
-2.2611,0.0000,0.0000,0.0000,0.0000,0.0000,0.0000,-1.4250,1.1574,0.0000,0.2691,-0.0338,-0.6101,-1.2137,-0.4016,1.4759,-2.1889,-2.3004,-2.4919,-0.2234,0.0000,0.9459,1.0000
1.5407,0.0000,0.0000,0.0000,0.0000,0.0000,0.0000,0.3756,0.0000,2.3759,-0.8245,-1.2831,1.7248,0.1854,-0.6980,0.0000,1.7966,1.7965,1.8040,0.0000,0.0000,0.2902,2.0000
-1.5804,0.0000,0.0000,0.0000,0.0000,0.0000,0.0000,-0.6787,0.1639,0.0000,0.0761,1.5942,-0.9010,2.0891,1.3375,0.0000,-0.5684,-0.4175,-0.3946,0.2774,0.0000,-0.7041,1.0000
0.5469,0.0000,0.0000,0.0000,0.0000,0.0000,0.0000,1.0693,0.1652,-0.1456,-0.4658,1.3469,-0.9134,1.4849,1.6600,1.4794,0.2871,-0.5949,0.0694,2.1717,0.0000,0.9428,2.0000
-0.3566,0.0000,0.0000,0.0000,0.0000,0.0000,0.0000,0.0910,0.1665,0.0000,-0.8297,0.5772,-0.8596,-0.2594,0.2200,1.5165,-0.4802,0.4362,0.2555,0.1800,1.1783,-0.6971,1.0000
-0.5854,0.0000,0.0000,0.0000,0.0000,0.0000,0.0000,-0.6641,1.1444,0.0000,-0.6613,1.1929,-1.4380,0.1175,2.8830,0.0000,-0.8249,-2.1368,-0.9397,4.2404,1.2006,0.6125,2.0000
0.4188,0.0000,0.0000,0.0000,0.0000,0.0000,0.0000,1.9333,0.0000,1.1260,-0.4903,-1.0983,0.9811,-0.7592,-0.6597,0.0000,-0.0727,0.1531,-0.0336,-0.5944,0.0000,1.9305,2.0000
1.2035,0.0000,0.0000,0.0000,0.0000,0.0000,0.0000,0.2331,0.0000,-0.4999,0.2147,-0.9582,1.3665,0.2932,-0.3539,0.0000,1.9459,1.7349,1.8834,-0.3804,1.2092,0.3300,1.0000
-0.3396,0.0000,0.0000,0.0000,0.0000,0.0000,0.0000,0.2352,1.1331,0.0000,3.3865,1.2642,-1.5137,0.1718,-0.6684,0.0000,-0.3871,-0.1713,-0.1897,0.6559,1.2339,-0.6661,1.0000
0.7688,0.0000,0.0000,0.0000,0.0000,0.0000,0.0000,-0.4044,0.1789,0.0000,0.1068,-0.1540,0.7387,0.9730,-0.6765,0.0000,1.4917,1.4223,1.4750,-0.3713,0.0000,-0.6741,1.0000
0.5576,0.0000,0.0000,0.0000,0.0000,0.0000,0.0000,-0.0029,0.0000,1.5047,-0.4701,-1.0848,1.0897,-0.5483,-0.6849,0.0000,0.1495,0.2971,0.2061,-0.5912,0.0000,-1.0124,1.0000
-1.4184,0.0000,0.0000,0.0000,0.0000,0.0000,0.0000,0.5713,0.1664,-0.4420,0.2903,1.2357,-1.2826,0.5460,3.6054,1.4520,-1.8221,-0.8536,-0.9054,0.5851,0.0000,-0.7001,1.0000
0.5441,0.0000,0.0000,0.0000,0.0000,0.0000,0.0000,-0.1072,0.0000,-0.0979,0.1032,-0.4474,0.2691,-0.5416,0.3282,0.0000,0.2967,0.3727,0.3771,-0.5845,1.2124,-1.0380,1.0000
-1.1067,0.0000,0.0000,0.0000,0.0000,0.0000,0.0000,0.4579,0.0000,-0.2140,0.6686,0.2114,-1.1609,-1.5744,-0.6998,0.0000,-0.8304,-0.8534,-0.9063,-0.5384,1.2396,-1.0574,1.0000
-0.0221,0.0000,0.0000,0.0000,0.0000,0.0000,0.0000,-1.2793,1.0891,0.0000,2.1753,1.0819,-1.0492,0.6403,-0.0249,0.0000,-2.0569,-1.4805,-1.6558,1.8857,0.0000,1.2277,3.0000
0.3068,0.0000,0.0000,0.0000,0.0000,0.0000,0.0000,0.3288,0.0000,1.5348,-0.8093,-1.2426,1.2944,-0.5697,-1.0423,0.0000,0.1640,0.3366,0.2455,0.0000,-2.0454,-1.0606,1.0000
1.2890,0.0000,0.0000,0.0000,0.0000,0.0000,0.0000,0.8931,0.0000,0.0000,-0.4347,-0.5307,0.4653,-0.3952,-1.0631,1.4165,0.9636,0.7798,0.8958,-0.3161,1.2522,-1.0821,1.0000
0.5560,0.0000,0.0000,0.0000,0.0000,0.0000,0.0000,0.1249,0.1274,0.5337,0.3288,-0.5899,1.0871,0.5612,1.2943,3.4032,2.0450,1.5805,1.8353,-0.2126,1.2837,0.2235,2.0000
-1.1775,0.0000,0.0000,0.0000,0.0000,0.0000,0.0000,-1.2601,0.1287,0.0000,-0.2390,-0.5977,-0.1931,-1.6984,-0.0403,0.0000,-1.1423,-1.7446,-1.6800,0.3673,1.3177,0.8840,1.0000
-0.2228,0.0000,0.0000,0.0000,0.0000,0.0000,0.0000,-1.0143,0.1300,0.0000,-0.6190,-0.3978,0.9264,0.7278,-0.3796,0.0000,0.8528,1.0000,0.9554,-0.2581,0.0000,-0.7422,1.0000
-1.1990,0.0000,0.0000,0.0000,0.0000,0.0000,0.0000,-1.0914,5.6462,0.0000,1.2478,2.0981,-1.5674,2.1322,0.9600,0.0000,-0.8736,-1.7072,-1.4368,3.2730,0.0000,0.5538,1.0000
-0.7951,0.0000,0.0000,0.0000,0.0000,0.0000,0.0000,-0.1096,0.4251,-0.3427,0.1494,-1.0419,0.7881,-1.0120,-1.0354,1.6497,-0.8897,-0.7583,-0.8985,-0.5666,0.0000,-1.0618,1.0000
-1.0256,0.0000,0.0000,0.0000,0.0000,0.0000,0.0000,0.2215,0.4305,0.0000,-0.0358,0.6769,-1.1563,-0.5297,0.6222,0.0000,-0.5418,-0.4013,-0.5263,-0.2269,1.2957,-0.7610,1.0000
-2.3496,0.0000,0.0000,0.0000,0.0000,0.0000,0.0000,-0.9818,0.4360,-0.3579,-0.5905,-0.7248,0.2624,-1.2252,0.0000,0.0000,-2.2703,-1.9640,-2.2731,-0.3441,-2.0755,-0.7741,1.0000
0.4401,0.0000,0.0000,0.0000,0.0000,0.0000,0.0000,-0.2362,0.4418,0.0000,1.2354,0.4560,-0.8952,-0.5677,-0.0675,0.0000,0.4168,0.1980,0.1987,-0.3484,1.3398,-0.4656,1.0000
1.3536,0.0000,0.0000,0.0000,0.0000,0.0000,0.0000,-0.8355,0.4477,0.0000,-0.0210,-0.1159,0.9601,1.4846,-0.0683,0.0000,1.6486,1.7005,1.7086,-0.3528,0.0000,-0.7915,1.0000
-0.4345,0.0000,0.0000,0.0000,0.0000,0.0000,0.0000,0.7691,0.0000,0.7398,0.8915,0.6363,-1.0950,-0.4864,0.9206,0.0000,-0.9747,-0.6182,-0.6797,-0.0790,1.3609,-0.8066,1.0000
0.0135,0.0000,0.0000,0.0000,0.0000,0.0000,0.0000,-0.9375,0.4297,-0.0470,0.0000,0.7760,-0.5438,0.8884,0.2823,0.0000,0.7361,-0.2473,-0.1802,1.7364,0.0000,0.4452,1.0000
-1.3324,0.0000,0.0000,0.0000,0.0000,0.0000,0.0000,-0.8517,0.4359,0.0000,-0.1800,-0.6728,0.1924,-1.2856,-0.3655,0.0000,-1.2617,-1.2868,-1.3955,-0.4906,0.0000,-1.1178,1.0000
0.5469,0.0000,0.0000,0.0000,0.0000,0.0000,0.0000,1.8074,0.0000,2.2401,-0.8936,-1.3994,1.1650,-1.2661,-1.0152,0.0000,0.0483,0.0950,0.0870,0.0000,0.0000,1.6853,2.0000
1.5671,0.0000,0.0000,0.0000,0.0000,0.0000,0.0000,1.3598,0.0000,3.0947,-0.9144,-1.3509,1.4026,-0.6718,-0.0744,0.0000,1.0024,1.0349,1.0990,0.0000,1.3363,1.7725,2.0000
0.2655,0.0000,0.0000,0.0000,0.0000,0.0000,0.0000,-0.3766,0.3892,0.0000,-0.4054,0.6635,-1.0628,-0.3682,0.2430,0.0000,0.4569,0.2176,0.4217,0.4147,1.3868,0.5432,1.0000
-0.4102,0.0000,0.0000,0.0000,0.0000,0.0000,0.0000,0.7783,0.0000,1.4481,-0.4118,-1.2707,0.9554,-1.3125,-0.6968,0.0000,-0.9516,-0.6145,-0.7754,-0.5052,-2.1170,-1.0965,1.0000
-0.6407,0.0000,0.0000,0.0000,0.0000,0.0000,0.0000,0.1359,0.3665,0.0000,-0.4184,-0.2962,0.5375,0.2812,0.5378,0.0000,-0.2227,-0.1661,-0.2938,-0.3521,0.0000,-0.7997,1.0000
-1.3200,0.0000,0.0000,0.0000,0.0000,0.0000,0.0000,-0.4044,0.3724,0.0000,-0.2543,-0.4302,0.0405,-0.9635,-0.3798,1.3975,-0.5982,-0.5316,-0.5939,-0.4643,1.4310,-0.8186,1.0000
-1.3750,0.0000,0.0000,0.0000,0.0000,0.0000,0.0000,-1.0007,0.3786,0.0000,-0.0894,0.2015,-0.5583,-0.5543,0.5299,0.0000,-0.7945,-1.1705,-0.9961,0.3177,0.0000,0.4724,1.0000
-1.0954,0.0000,0.0000,0.0000,0.0000,0.0000,0.0000,-0.2810,0.0000,0.3042,-0.2571,-0.9042,0.2218,-1.8008,-0.9705,0.0000,-0.8143,-0.8520,-0.9290,-0.5608,1.4673,-1.1391,1.0000
0.8119,0.0000,0.0000,0.0000,0.0000,0.0000,0.0000,-0.6557,1.7678,-0.3017,4.3307,0.9302,-1.4965,-0.5815,-1.0004,0.0000,0.0770,0.1154,0.3107,-0.1608,1.5428,-1.1810,1.0000
0.8338,0.0000,0.0000,0.0000,0.0000,0.0000,0.0000,0.7959,0.0000,1.2592,-0.7042,-1.1998,1.4425,-0.2765,-0.7310,0.0000,1.3359,1.2697,1.3730,-0.5686,0.0000,0.0847,2.0000
-0.2758,0.0000,0.0000,0.0000,0.0000,0.0000,0.0000,-0.5365,0.3922,0.0000,1.0616,0.0152,-0.0372,-0.0313,-0.1500,1.3308,1.4003,0.3407,0.3677,0.7215,1.5972,-0.8824,1.0000
-2.1778,0.0000,0.0000,0.0000,0.0000,0.0000,0.0000,-1.0630,0.4000,0.0000,1.1013,-0.5070,0.1951,-0.8928,-0.7426,0.0000,-2.5147,-1.7725,-2.2229,-0.0549,-2.2454,-0.9098,1.0000
0.9366,0.0000,0.0000,0.0000,0.0000,0.0000,0.0000,1.0638,0.0000,0.9482,0.6325,0.3166,-0.7504,-0.6153,0.7005,1.3608,0.6143,0.5724,0.6325,-0.4954,1.7589,1.6276,2.0000
-0.8318,0.0000,0.0000,0.0000,0.0000,0.0000,0.0000,-0.6541,0.3710,0.0000,-1.3826,1.6761,-1.2920,1.7943,2.1707,0.0000,-0.2922,-1.0515,-0.4848,1.7579,0.0000,0.4179,1.0000
1.1716,0.0000,0.0000,0.0000,0.0000,0.0000,0.0000,1.1727,0.0000,-0.0497,-0.4282,-1.1790,1.2089,-0.6527,-1.0166,0.0000,0.8096,0.8213,0.8245,0.0000,0.0000,1.7342,2.0000
-0.8193,0.0000,0.0000,0.0000,0.0000,0.0000,0.0000,1.5921,0.0000,1.2733,-0.4383,-1.2372,0.8377,-1.4887,-1.0588,0.0000,-1.0649,-0.6024,-0.7637,-0.4255,0.0000,0.1776,2.0000
-1.5666,0.0000,0.0000,0.0000,0.0000,0.0000,0.0000,-1.2809,1.7118,0.0000,1.5562,-0.0481,-0.0262,-0.1724,-0.7906,0.0000,-1.8167,-1.3360,-1.7910,0.2974,0.0000,-0.8233,1.0000
1.2834,0.0000,0.0000,0.0000,0.0000,0.0000,0.0000,1.2536,0.0000,1.3030,0.1241,-1.0034,1.2049,-0.1762,-0.1910,0.0000,1.2891,1.0439,1.3056,-0.5108,0.0000,1.8087,2.0000
-0.2752,0.0000,0.0000,0.0000,0.0000,0.0000,0.0000,-0.7128,0.3394,0.0000,1.6498,0.5337,-1.2181,-0.9861,0.1117,3.0312,0.0737,-0.3705,-0.1175,0.6540,1.6713,0.5933,1.0000
0.4585,0.0000,0.0000,0.0000,0.0000,0.0000,0.0000,0.6813,0.0000,-0.3288,0.2152,1.1683,-1.3598,0.3928,0.4146,1.7889,1.4486,0.6968,0.7216,-0.1153,1.8371,0.2648,2.0000
0.1090,0.0000,0.0000,0.0000,0.0000,0.0000,0.0000,0.3829,0.0000,-0.3942,0.2207,-0.7352,0.7850,-0.3858,-1.0447,2.0000,0.4794,0.4568,0.4370,-0.4364,0.0000,-0.7476,1.0000
-0.4785,0.0000,0.0000,0.0000,0.0000,0.0000,0.0000,-0.6082,1.7285,0.0000,-0.0267,0.9409,-1.4421,-0.2785,2.7367,0.0000,-1.1078,-2.3103,-1.2822,4.0480,2.0035,1.2386,3.0000
1.1245,0.0000,0.0000,0.0000,0.0000,0.0000,0.0000,0.4584,0.0000,0.3843,-0.2741,-0.7116,0.9041,-0.1707,1.4216,0.0000,1.4065,1.4066,1.4282,-0.7319,2.3351,0.3041,2.0000
-1.0171,0.0000,0.0000,0.0000,0.0000,0.0000,0.0000,-0.8447,0.2860,0.0000,0.1979,-0.9626,0.8492,-0.8527,-1.1688,2.1602,-0.3538,-0.2331,-0.2664,-0.6223,0.0000,-0.6864,1.0000
-1.0840,0.0000,0.0000,0.0000,0.0000,0.0000,0.0000,0.0157,0.2956,0.0000,-0.2626,1.7525,-1.5563,1.5087,1.9020,0.0000,-0.6915,-0.3420,-0.6945,0.7546,0.0000,-0.7182,1.0000
0.0158,0.0000,0.0000,0.0000,0.0000,0.0000,0.0000,-0.3251,0.3062,0.0000,0.6342,0.4175,-1.0979,-0.8400,-0.3807,0.0000,-0.4056,-0.6502,-0.4196,0.9332,2.7386,0.8627,1.0000
0.9298,0.0000,0.0000,0.0000,0.0000,0.0000,0.0000,1.9322,0.0000,0.9594,-0.6661,-0.7983,1.1361,-0.0167,-0.8227,0.0000,0.4075,0.3797,0.3654,0.0000,-3.6056,1.5600,3.0000
0.8848,0.0000,0.0000,0.0000,0.0000,0.0000,0.0000,0.2699,0.2325,0.0000,0.6029,0.7499,-0.7061,0.6014,0.8120,0.0000,0.6269,0.6772,0.6727,-0.3184,0.0000,-0.6074,1.0000
-0.6319,0.0000,0.0000,0.0000,0.0000,0.0000,0.0000,-0.8626,0.2425,0.0000,0.0000,-0.2748,0.2788,-0.1875,0.0348,0.0000,0.1720,0.2599,0.3331,0.4660,0.0000,0.0279,1.0000
-1.1138,0.0000,0.0000,0.0000,0.0000,0.0000,0.0000,-0.4173,0.2540,-0.4080,1.0117,-0.4560,-0.1317,-1.1960,0.0363,0.0000,-1.2335,-1.2255,-1.2072,-0.6671,0.0000,-0.9331,1.0000
-0.4610,0.0000,0.0000,0.0000,0.0000,0.0000,0.0000,-1.1857,1.6036,0.0000,0.4051,1.3437,-1.0823,1.4092,0.8000,2.0000,0.0585,-0.3919,-0.1417,0.5400,0.0000,0.5762,1.0000
-1.2475,0.0000,0.0000,0.0000,0.0000,0.0000,0.0000,-1.1044,2.0000,0.0000,2.0281,1.5350,-1.6347,0.8672,0.5000,2.8284,-1.4196,-1.5503,-1.4056,1.0631,0.0000,0.6189,1.0000
-0.9073,0.0000,0.0000,0.0000,0.0000,0.0000,0.0000,-1.1675,1.0000,-0.1607,0.0000,-0.6232,0.4111,-0.7067,-0.8980,0.0000,-0.8326,-0.9829,-0.8408,-0.6315,0.0000,-0.8222,1.0000
-1.7101,0.0000,0.0000,0.0000,0.0000,0.0000,0.0000,2.0551,0.0000,2.1215,-1.1547,-1.3483,0.3698,-2.2961,0.0000,0.0000,-1.9322,-2.1222,-1.9097,0.0000,0.0000,1.4291,3.0000
0.6328,0.0000,0.0000,0.0000,0.0000,0.0000,0.0000,2.1249,0.0000,2.2081,1.3132,1.3132,-1.1420,1.8109,0.6000,0.0000,0.0499,-0.3672,-0.0237,-0.6991,0.0000,2.2361,2.0000
0.4448,0.0000,0.0000,0.0000,0.0000,0.0000,0.0000,-1.2548,0.8165,0.0000,0.4102,-0.4112,0.4850,0.1390,-1.2130,0.0000,0.8755,0.7816,0.7528,-0.4703,0.0000,0.0000,1.0000
0.3825,0.0000,0.0000,0.0000,0.0000,0.0000,0.0000,1.3315,0.0000,1.7321,0.7809,-0.6213,0.6965,-0.0519,0.8528,0.0000,0.2722,0.1238,0.1566,-0.6440,0.0000,0.0000,1.0000
-1.3587,0.0000,0.0000,0.0000,0.0000,0.0000,0.0000,-1.4142,0.7071,0.0000,-0.2020,1.3684,-1.3340,1.3794,0.7071,0.0000,-1.3524,-1.2901,-1.3439,1.4099,0.0000,0.0000,1.0000
-1.0000,0.0000,0.0000,0.0000,0.0000,0.0000,0.0000,0.0000,1.0000,0.0000,-1.0000,1.0000,-1.0000,-1.0000,1.0000,0.0000,-1.0000,-1.0000,-1.0000,1.0000,0.0000,0.0000,1.0000
0.0000,0.0000,0.0000,0.0000,0.0000,0.0000,0.0000,0.0000,0.0000,0.0000,-0.0000,0.0000,0.0000,0.0000,0.0000,0.0000,0.0000,0.0000,0.0000,0.0000,0.0000,0.0000,1.0000
