135,0,0,0,0,0,0,54,1,10,16,132,66,198,10,0,150,143,146,12,0,5,2
136,0,0,0,0,0,0,51,0,25,6,15,135,150,1,0,144,143,144,0,0,1,1
123,0,0,0,0,0,0,71,0,77,4,19,110,129,1,0,123,123,124,0,1,9,3
123,0,0,0,0,0,0,73,0,91,2,9,120,129,2,0,123,124,125,0,0,9,3
122,0,0,0,0,0,0,30,1,0,7,39,93,132,2,0,126,122,125,4,1,7,1
131,0,0,0,0,0,0,26,1,0,3,61,109,170,2,1,155,151,154,11,1,4,1
135,0,0,0,0,0,0,23,1,0,9,67,90,157,3,0,133,133,135,10,1,6,1
138,0,0,0,0,0,0,52,1,18,14,102,74,176,8,1,142,141,143,3,1,1,1
144,0,0,0,0,0,0,58,0,5,7,26,141,167,1,0,147,151,151,6,-1,5,2
133,0,0,0,0,0,0,53,0,2,9,34,113,147,4,1,136,136,138,1,1,1,1
136,0,0,0,0,0,0,47,0,2,10,39,119,158,2,1,144,143,145,1,0,1,1
127,0,0,0,0,0,0,61,0,4,11,89,62,151,4,0,131,129,131,2,1,10,2
128,0,0,0,0,0,0,22,2,0,6,109,65,174,6,0,143,127,135,71,0,6,1
132,0,0,0,0,0,0,28,1,0,13,79,76,155,3,2,140,135,138,11,1,7,1
123,0,0,0,0,0,0,60,0,0,10,52,84,136,4,0,125,124,126,2,1,10,2
144,0,0,0,0,0,0,35,0,2,10,36,125,161,0,0,150,148,150,2,1,1,1
139,0,0,0,0,0,0,61,0,8,6,17,138,155,1,0,147,146,148,0,0,10,2
146,0,0,0,0,0,0,77,0,20,4,12,137,149,0,0,142,143,145,0,0,10,2
128,0,0,0,0,0,0,34,2,0,4,145,54,199,11,1,75,99,102,148,-1,8,3
120,0,0,0,0,0,0,49,0,4,15,39,95,134,5,0,122,120,122,3,1,3,1
148,0,0,0,0,0,0,75,0,84,2,7,145,152,1,0,148,148,149,0,0,9,3
133,0,0,0,0,0,0,58,0,17,8,22,125,147,2,0,136,136,137,1,0,1,1
132,0,0,0,0,0,0,30,1,0,7,102,61,163,4,0,145,124,131,96,1,6,1
138,0,0,0,0,0,0,42,1,0,13,115,71,186,5,0,144,143,144,6,0,2,1
141,0,0,0,0,0,0,67,0,44,9,78,70,148,2,0,143,141,143,1,1,10,2
121,0,0,0,0,0,0,27,1,0,4,69,70,139,4,0,114,110,114,24,0,7,1
131,0,0,0,0,0,0,33,1,0,2,127,51,178,7,0,142,126,139,90,1,6,1
129,0,0,0,0,0,0,61,0,7,6,67,111,178,4,0,143,138,140,7,0,2,1
149,0,0,0,0,0,0,34,1,1,5,75,104,179,8,0,163,161,164,10,1,2,1
132,0,0,0,0,0,0,37,2,0,0,111,54,165,5,1,75,87,77,86,-1,8,3
143,0,0,0,0,0,0,48,0,0,10,38,136,174,2,1,155,155,157,2,0,2,1
144,0,0,0,0,0,0,29,1,0,18,58,117,175,3,0,150,149,150,9,0,2,1
128,0,0,0,0,0,0,42,2,0,4,149,50,199,12,2,133,130,133,24,0,6,1
112,0,0,0,0,0,0,21,1,2,9,60,84,144,1,1,114,113,115,7,0,6,1
127,0,0,0,0,0,0,33,1,0,7,32,114,146,0,0,129,130,132,3,0,2,1
145,0,0,0,0,0,0,51,0,13,8,24,141,165,1,0,153,152,153,1,0,5,2
120,0,0,0,0,0,0,53,0,7,12,77,56,133,6,0,123,121,123,3,1,1,1
127,0,0,0,0,0,0,13,3,0,10,98,61,159,3,2,129,124,129,35,1,6,1
142,0,0,0,0,0,0,44,0,42,7,39,119,158,4,0,147,146,148,1,1,1,1
121,0,0,0,0,0,0,21,1,0,2,83,74,157,2,0,125,123,126,19,0,6,1
142,0,0,0,0,0,0,44,1,33,5,115,67,182,2,1,157,141,153,87,1,7,1
141,0,0,0,0,0,0,50,0,1,4,114,58,172,7,0,148,147,151,7,1,2,1
138,0,0,0,0,0,0,58,1,15,6,132,60,192,8,2,141,132,141,47,0,7,2
142,0,0,0,0,0,0,42,1,0,11,97,74,171,6,0,148,148,149,5,1,2,1
137,0,0,0,0,0,0,60,0,33,5,22,133,155,2,0,142,140,142,1,0,10,2
128,0,0,0,0,0,0,33,1,0,3,141,57,198,8,0,137,132,136,21,0,6,1
131,0,0,0,0,0,0,19,1,0,12,81,70,151,3,1,127,126,130,21,1,7,1
123,0,0,0,0,0,0,38,0,14,8,39,113,152,2,0,126,128,128,4,0,2,1
125,0,0,0,0,0,0,22,2,0,8,125,53,178,8,0,143,122,130,94,0,7,1
126,0,0,0,0,0,0,34,0,3,10,41,110,151,2,0,126,128,129,4,0,2,1
130,0,0,0,0,0,0,23,1,8,9,115,62,177,9,0,134,134,135,5,0,2,1
127,0,0,0,0,0,0,22,2,0,22,119,63,182,6,0,131,133,135,32,0,6,1
126,0,0,0,0,0,0,34,0,0,14,31,111,142,1,0,133,132,134,2,1,1,1
127,0,0,0,0,0,0,12,3,0,5,130,58,188,8,0,129,122,129,41,0,6,1
142,0,0,0,0,0,0,39,0,0,10,53,106,159,7,0,150,149,151,2,1,2,1
132,0,0,0,0,0,0,26,1,0,4,58,110,168,2,1,145,146,147,11,0,2,1
125,0,0,0,0,0,0,29,1,0,11,29,117,146,0,0,131,130,132,1,0,3,1
135,0,0,0,0,0,0,47,0,2,10,39,120,159,1,0,139,139,141,3,0,2,1
133,0,0,0,0,0,0,73,0,78,3,8,131,139,1,0,134,134,135,0,0,9,3
115,0,0,0,0,0,0,19,1,0,14,59,89,148,1,1,120,118,121,5,0,1,1
144,0,0,0,0,0,0,76,0,61,10,81,71,152,3,0,145,144,146,2,1,10,2
146,0,0,0,0,0,0,55,0,32,8,72,93,165,4,0,150,147,150,6,1,1,1
148,0,0,0,0,0,0,74,0,78,3,14,139,153,0,0,148,148,149,0,0,9,3
120,0,0,0,0,0,0,50,0,6,7,94,60,154,2,0,123,126,125,7,1,2,1
132,0,0,0,0,0,0,26,4,0,12,149,50,199,9,0,133,120,126,56,0,7,1
121,0,0,0,0,0,0,56,0,2,10,77,62,139,3,0,127,128,129,3,1,2,1
119,0,0,0,0,0,0,26,1,0,13,39,106,145,1,0,120,122,122,3,0,1,1
125,0,0,0,0,0,0,22,2,0,0,107,67,174,7,1,134,134,138,21,0,6,1
115,0,0,0,0,0,0,24,1,0,10,108,71,179,3,2,133,122,129,45,0,6,1
138,0,0,0,0,0,0,34,1,6,10,56,99,155,5,0,148,142,146,9,1,7,1
125,0,0,0,0,0,0,24,1,0,14,55,97,152,6,2,131,130,132,6,0,2,1
122,0,0,0,0,0,0,22,1,2,15,36,104,140,2,0,126,125,127,2,0,1,1
148,0,0,0,0,0,0,75,0,0,10,32,140,172,1,0,150,150,151,0,-1,10,2
144,0,0,0,0,0,0,61,0,10,7,20,136,156,2,0,148,146,148,1,0,10,2
124,0,0,0,0,0,0,86,0,72,4,12,118,130,1,0,124,124,125,0,0,9,3
133,0,0,0,0,0,0,29,1,0,23,89,64,153,9,2,142,135,141,22,1,2,1
128,0,0,0,0,0,0,22,2,0,8,125,53,178,9,0,143,121,130,97,0,7,1
135,0,0,0,0,0,0,59,0,4,9,118,70,188,3,0,140,140,141,3,0,1,1
120,0,0,0,0,0,0,43,1,5,18,106,50,156,8,0,129,129,130,11,1,2,1
129,0,0,0,0,0,0,52,0,0,11,80,68,148,10,0,133,134,134,3,1,2,1
148,0,0,0,0,0,0,65,0,20,6,21,141,162,1,0,157,155,157,1,1,10,2
126,0,0,0,0,0,0,30,1,0,4,49,107,156,3,0,127,134,134,11,0,2,1
136,0,0,0,0,0,0,37,0,0,11,47,107,154,2,0,138,139,140,2,1,1,1
145,0,0,0,0,0,0,51,0,5,7,67,104,171,5,0,149,153,154,5,1,2,1
144,0,0,0,0,0,0,46,0,1,13,37,132,169,4,0,162,158,160,5,1,5,1
130,0,0,0,0,0,0,67,0,22,14,84,72,156,12,0,143,140,143,4,1,5,2
149,0,0,0,0,0,0,29,1,0,1,121,58,179,7,0,169,161,166,22,1,2,1
132,0,0,0,0,0,0,31,4,0,5,147,52,199,9,1,133,154,163,137,1,4,1
144,0,0,0,0,0,0,40,0,5,8,97,82,179,7,1,152,153,154,7,1,2,1
139,0,0,0,0,0,0,38,1,0,13,134,53,187,5,0,133,136,138,6,0,3,1
132,0,0,0,0,0,0,49,2,0,23,89,62,151,5,0,133,133,135,8,1,3,1
145,0,0,0,0,0,0,60,0,5,7,46,111,157,1,1,148,146,148,4,1,10,2
138,0,0,0,0,0,0,46,0,53,7,39,113,152,4,0,141,138,141,2,1,1,1
128,0,0,0,0,0,0,43,2,0,3,149,50,199,11,1,133,130,133,21,0,6,1
121,0,0,0,0,0,0,32,1,0,2,47,110,157,1,0,131,131,131,8,0,2,1
129,0,0,0,0,0,0,23,1,0,0,54,112,166,4,0,138,143,144,13,0,4,1
122,0,0,0,0,0,0,21,1,0,14,37,105,142,1,0,125,123,125,3,0,1,1
148,0,0,0,0,0,0,58,0,7,9,21,135,156,1,0,150,149,151,1,1,1,1
125,0,0,0,0,0,0,67,0,57,4,14,115,129,1,0,125,124,126,0,1,10,2
130,0,0,0,0,0,0,19,2,0,8,107,67,174,3,0,134,127,133,43,0,6,1
133,0,0,0,0,0,0,55,0,16,9,22,125,147,1,0,137,136,137,1,0,1,1
152,0,0,0,0,0,0,60,0,59,7,34,129,163,3,1,160,157,160,1,1,10,2
139,0,0,0,0,0,0,64,0,29,6,28,135,163,1,0,161,152,157,13,1,5,2
130,0,0,0,0,0,0,21,1,11,7,33,119,152,1,0,133,131,133,2,0,1,1
136,0,0,0,0,0,0,44,0,14,7,27,126,153,2,0,142,140,142,1,0,1,1
138,0,0,0,0,0,0,40,0,7,10,49,105,154,5,0,142,141,143,1,1,1,1
146,0,0,0,0,0,0,37,0,0,6,52,126,178,0,0,155,153,155,4,0,2,1
142,0,0,0,0,0,0,28,3,0,4,135,53,188,8,2,143,130,139,57,0,7,1
123,0,0,0,0,0,0,70,0,70,4,19,110,129,2,0,123,124,125,1,1,9,3
124,0,0,0,0,0,0,41,1,0,9,73,115,188,9,1,150,145,151,12,0,4,1
141,0,0,0,0,0,0,28,1,2,11,86,85,171,9,0,144,141,144,15,1,7,1
122,0,0,0,0,0,0,22,1,0,15,34,106,140,2,1,126,125,127,2,0,1,1
122,0,0,0,0,0,0,27,1,0,10,40,92,132,3,2,120,120,123,4,1,7,1
151,0,0,0,0,0,0,63,1,21,8,150,50,200,8,3,156,149,156,44,1,7,2
141,0,0,0,0,0,0,60,0,22,7,25,128,153,1,0,146,144,146,1,1,10,2
144,0,0,0,0,0,0,33,1,0,6,100,78,178,5,0,149,152,152,8,1,2,1
142,0,0,0,0,0,0,43,0,3,9,25,132,157,1,0,145,144,146,1,0,1,1
133,0,0,0,0,0,0,75,0,91,2,7,131,138,1,0,133,134,135,0,0,9,3
150,0,0,0,0,0,0,54,0,13,7,16,147,163,2,0,153,155,157,2,0,1,1
136,0,0,0,0,0,0,51,0,28,6,12,136,148,1,0,144,142,144,0,0,1,1
128,0,0,0,0,0,0,39,1,0,12,123,59,182,8,0,129,138,135,25,0,2,1
112,0,0,0,0,0,0,24,1,5,10,40,103,143,1,0,114,114,115,4,-1,2,1
127,0,0,0,0,0,0,14,3,0,6,124,67,191,8,0,129,125,130,45,0,6,1
129,0,0,0,0,0,0,37,1,0,8,102,93,195,8,0,187,157,153,137,0,4,1
134,0,0,0,0,0,0,80,0,90,1,3,133,136,1,0,135,134,136,0,1,9,3
119,0,0,0,0,0,0,23,1,5,7,75,70,145,1,1,126,122,125,9,1,6,1
146,0,0,0,0,0,0,64,0,31,7,19,137,156,2,0,150,147,150,1,0,10,2
129,0,0,0,0,0,0,69,0,14,7,25,127,152,0,0,139,135,136,4,-1,5,2
136,0,0,0,0,0,0,61,0,48,8,31,124,155,9,0,142,140,141,2,0,10,2
156,0,0,0,0,0,0,43,4,0,22,150,50,200,7,1,151,142,152,72,1,7,1
131,0,0,0,0,0,0,27,1,0,12,84,71,155,2,0,136,132,137,15,1,7,1
144,0,0,0,0,0,0,62,0,5,6,11,148,159,1,0,153,154,155,0,0,10,2
131,0,0,0,0,0,0,35,1,0,0,126,52,178,6,1,143,128,142,92,1,6,1
122,0,0,0,0,0,0,28,1,0,8,52,89,141,3,0,125,120,123,9,0,7,1
120,0,0,0,0,0,0,50,1,7,8,118,53,171,7,2,125,126,127,14,0,2,1
114,0,0,0,0,0,0,27,2,0,13,128,54,182,6,0,119,118,119,13,0,2,1
123,0,0,0,0,0,0,50,0,7,13,74,63,137,2,0,129,127,129,2,1,1,1
148,0,0,0,0,0,0,40,0,0,10,35,136,171,1,0,153,155,156,4,0,2,1
128,0,0,0,0,0,0,22,2,0,9,125,53,178,7,0,143,123,130,80,0,7,1
136,0,0,0,0,0,0,24,1,0,11,111,74,185,11,0,140,140,141,2,0,3,1
126,0,0,0,0,0,0,41,2,0,25,120,50,170,8,1,129,129,132,19,1,2,1
122,0,0,0,0,0,0,20,2,0,17,98,60,158,6,0,131,121,126,31,0,6,1
134,0,0,0,0,0,0,47,2,0,0,110,60,170,5,0,150,147,153,31,1,4,1
133,0,0,0,0,0,0,73,0,88,3,8,131,139,1,0,133,134,135,0,0,9,3
147,0,0,0,0,0,0,67,0,0,10,72,120,192,1,0,156,157,157,11,0,2,1
128,0,0,0,0,0,0,28,3,0,20,137,54,191,9,1,125,137,130,79,0,2,1
138,0,0,0,0,0,0,60,0,32,6,56,103,159,4,0,151,144,145,9,1,10,2
158,0,0,0,0,0,0,41,0,0,13,47,151,198,4,0,186,178,180,15,0,4,1
126,0,0,0,0,0,0,32,0,4,11,31,110,141,1,0,126,125,127,2,0,1,1
144,0,0,0,0,0,0,26,1,0,20,76,99,175,3,1,150,148,150,12,0,6,1
122,0,0,0,0,0,0,21,1,0,9,57,82,139,4,0,133,119,124,38,1,7,1
147,0,0,0,0,0,0,46,0,46,5,29,144,173,2,0,157,157,159,1,0,2,1
127,0,0,0,0,0,0,43,1,0,18,124,60,184,10,0,133,137,138,16,0,2,1
130,0,0,0,0,0,0,79,0,91,1,6,127,133,1,0,130,130,131,0,1,9,3
148,0,0,0,0,0,0,61,0,39,6,31,130,161,2,0,154,152,154,1,1,10,2
142,0,0,0,0,0,0,32,1,0,0,115,67,182,2,0,157,133,142,115,1,6,1
142,0,0,0,0,0,0,29,2,0,2,144,50,194,8,0,143,132,139,42,0,7,1
145,0,0,0,0,0,0,41,1,0,11,125,62,187,4,0,167,164,166,11,1,4,1
129,0,0,0,0,0,0,40,1,0,7,73,115,188,10,1,150,145,150,12,0,4,1
128,0,0,0,0,0,0,32,1,0,3,109,68,177,11,0,137,129,135,35,0,6,1
138,0,0,0,0,0,0,35,5,0,4,148,52,200,11,2,146,157,161,72,1,4,1
131,0,0,0,0,0,0,29,2,4,3,108,59,167,7,1,135,120,132,72,1,7,1
135,0,0,0,0,0,0,59,0,16,8,40,113,153,4,0,139,139,140,1,0,1,1
125,0,0,0,0,0,0,32,1,15,6,33,97,130,1,0,123,121,124,2,1,7,1
136,0,0,0,0,0,0,35,4,0,5,148,52,200,11,2,146,159,162,74,1,4,1
120,0,0,0,0,0,0,41,1,0,9,71,105,176,6,0,123,131,127,30,-1,2,1
146,0,0,0,0,0,0,41,1,0,1,113,73,186,3,0,157,162,164,13,1,4,1
120,0,0,0,0,0,0,54,0,12,8,24,109,133,0,1,123,122,124,1,0,1,1
133,0,0,0,0,0,0,27,1,0,17,92,61,153,5,1,142,134,140,29,1,6,1
148,0,0,0,0,0,0,51,0,49,4,13,152,165,1,0,160,159,160,0,0,1,1
142,0,0,0,0,0,0,41,0,0,11,35,123,158,0,0,151,146,149,7,1,1,1
131,0,0,0,0,0,0,32,2,12,6,108,59,167,6,1,143,125,137,91,1,7,1
136,0,0,0,0,0,0,43,0,39,5,23,131,154,3,0,141,140,142,0,0,1,1
146,0,0,0,0,0,0,30,1,0,4,59,99,158,3,0,147,143,147,5,1,7,1
141,0,0,0,0,0,0,76,0,62,4,12,134,146,1,0,142,140,142,0,0,10,2
129,0,0,0,0,0,0,66,0,2,9,20,122,142,0,0,132,132,133,1,0,10,2
145,0,0,0,0,0,0,49,0,0,7,26,145,171,1,0,154,157,158,4,0,2,1
136,0,0,0,0,0,0,40,2,0,19,139,51,190,5,5,144,142,145,17,1,2,1
158,0,0,0,0,0,0,29,1,0,12,55,142,197,4,0,170,171,172,9,0,2,1
140,0,0,0,0,0,0,59,1,0,0,62,120,182,1,0,176,163,169,30,1,4,1
128,0,0,0,0,0,0,36,3,0,18,145,53,198,7,2,133,139,135,79,0,6,1
125,0,0,0,0,0,0,37,0,20,7,22,116,138,2,0,126,125,127,1,0,1,1
131,0,0,0,0,0,0,42,1,11,4,102,51,153,6,0,143,134,141,34,1,6,1
142,0,0,0,0,0,0,41,0,0,12,32,126,158,0,0,151,146,148,5,1,1,1
120,0,0,0,0,0,0,53,0,3,10,93,71,164,7,0,117,127,128,21,0,2,1
151,0,0,0,0,0,0,64,1,26,3,150,50,200,11,2,156,150,156,38,1,7,2
133,0,0,0,0,0,0,73,0,84,3,8,131,139,1,0,134,134,135,0,0,9,3
148,0,0,0,0,0,0,70,0,68,5,17,136,153,2,0,150,148,150,0,1,10,2
130,0,0,0,0,0,0,22,1,11,8,95,62,157,7,0,134,133,134,4,1,2,1
154,0,0,0,0,0,0,44,2,0,26,147,50,197,10,10,153,158,162,27,1,2,1
142,0,0,0,0,0,0,36,1,13,12,95,71,166,5,0,145,145,146,2,1,2,1
127,0,0,0,0,0,0,30,1,0,6,119,63,182,9,0,134,138,137,18,0,2,1
131,0,0,0,0,0,0,28,1,0,4,52,118,170,8,0,143,145,145,8,0,2,1
122,0,0,0,0,0,0,25,1,0,9,72,85,157,6,2,136,129,133,15,1,2,1
120,0,0,0,0,0,0,51,0,4,11,26,103,129,1,0,122,119,121,2,1,1,1
148,0,0,0,0,0,0,72,0,59,4,14,139,153,1,0,150,148,150,0,1,10,2
133,0,0,0,0,0,0,52,0,2,8,38,113,151,1,1,136,136,137,1,0,1,1
123,0,0,0,0,0,0,67,0,27,12,110,50,160,7,0,125,123,125,2,1,10,2
122,0,0,0,0,0,0,21,1,0,5,73,77,150,3,2,127,115,117,30,0,7,1
128,0,0,0,0,0,0,24,2,0,9,91,65,156,6,0,133,125,131,42,1,6,1
133,0,0,0,0,0,0,30,1,0,5,102,67,169,9,1,147,137,144,40,1,7,1
146,0,0,0,0,0,0,53,0,44,8,70,93,163,4,1,157,152,156,8,1,5,2
150,0,0,0,0,0,0,57,0,19,7,20,147,167,3,0,165,157,159,7,0,5,2
136,0,0,0,0,0,0,22,2,0,7,64,114,178,3,1,145,144,145,6,0,2,1
134,0,0,0,0,0,0,14,3,0,0,98,82,180,3,0,126,129,129,46,0,7,1
112,0,0,0,0,0,0,23,1,11,13,40,104,144,1,0,112,113,114,2,-1,1,1
129,0,0,0,0,0,0,39,1,0,11,105,55,160,3,2,127,136,137,21,1,2,1
126,0,0,0,0,0,0,21,1,0,10,23,114,137,1,0,129,128,130,1,0,1,1
125,0,0,0,0,0,0,38,0,25,6,28,116,144,1,0,131,129,131,1,0,1,1
115,0,0,0,0,0,0,23,1,0,8,123,71,194,4,0,131,129,132,59,0,6,1
120,0,0,0,0,0,0,20,1,0,5,42,109,151,2,0,122,126,125,8,0,2,1
130,0,0,0,0,0,0,29,1,0,7,112,65,177,6,1,133,129,133,27,0,6,1
128,0,0,0,0,0,0,29,2,0,7,145,54,199,14,0,129,107,124,126,0,8,3
120,0,0,0,0,0,0,62,0,13,7,35,106,141,2,0,120,122,122,3,0,2,1
132,0,0,0,0,0,0,33,1,0,14,64,103,167,5,0,150,141,141,18,0,2,1
128,0,0,0,0,0,0,73,0,38,7,22,122,144,1,0,129,130,131,1,0,10,2
145,0,0,0,0,0,0,41,1,0,23,117,50,167,4,0,154,151,154,16,1,2,1
123,0,0,0,0,0,0,38,0,13,8,24,117,141,1,0,126,127,128,1,0,1,1
123,0,0,0,0,0,0,50,0,4,14,82,58,140,7,0,129,128,130,5,1,2,1
121,0,0,0,0,0,0,37,1,0,6,71,82,153,6,0,136,126,129,35,1,6,1
150,0,0,0,0,0,0,76,0,31,5,11,146,157,1,0,154,153,155,0,1,10,2
142,0,0,0,0,0,0,32,3,0,1,149,51,200,10,0,167,154,160,55,1,4,1
122,0,0,0,0,0,0,13,3,0,0,83,69,152,3,0,110,110,113,16,0,7,1
136,0,0,0,0,0,0,56,1,32,7,95,74,169,4,3,140,137,140,12,1,7,1
125,0,0,0,0,0,0,41,1,0,11,63,98,161,4,0,138,135,137,6,0,2,1
140,0,0,0,0,0,0,57,1,0,9,138,50,188,4,0,176,164,169,31,1,4,1
127,0,0,0,0,0,0,19,2,0,25,78,81,159,2,0,131,123,125,23,0,7,1
135,0,0,0,0,0,0,58,0,3,3,95,70,165,5,0,142,143,144,2,1,2,1
144,0,0,0,0,0,0,32,1,0,13,38,122,160,1,0,150,147,149,2,1,1,1
127,0,0,0,0,0,0,34,1,0,3,119,62,181,6,0,133,139,135,26,0,2,1
140,0,0,0,0,0,0,38,3,0,21,127,50,177,5,0,143,141,145,25,1,6,1
142,0,0,0,0,0,0,25,2,0,0,115,67,182,2,0,143,128,133,83,0,7,1
125,0,0,0,0,0,0,22,2,0,12,105,73,178,8,0,126,126,128,11,0,2,1
136,0,0,0,0,0,0,39,0,0,12,41,110,151,3,0,139,139,140,1,1,1,1
120,0,0,0,0,0,0,56,0,12,7,18,115,133,0,0,123,122,123,1,0,1,1
128,0,0,0,0,0,0,23,6,0,0,144,52,196,10,2,90,98,91,95,-1,7,2
137,0,0,0,0,0,0,77,0,40,6,29,127,156,2,0,138,141,141,3,0,5,2
142,0,0,0,0,0,0,41,1,0,0,44,134,178,4,0,149,152,152,5,0,2,1
127,0,0,0,0,0,0,21,2,0,24,101,81,182,5,0,131,131,133,26,0,6,1
125,0,0,0,0,0,0,20,2,0,7,134,63,197,8,1,125,125,127,16,0,6,1
142,0,0,0,0,0,0,48,0,0,8,39,123,162,3,0,149,147,149,2,0,1,1
139,0,0,0,0,0,0,55,0,8,8,63,127,190,7,1,144,146,147,4,-1,5,2
122,0,0,0,0,0,0,19,1,0,15,39,103,142,1,0,120,120,122,3,0,3,1
127,0,0,0,0,0,0,22,1,0,15,91,107,198,6,0,135,134,137,6,-1,3,1
144,0,0,0,0,0,0,45,0,0,9,30,139,169,2,0,157,155,157,2,0,5,2
139,0,0,0,0,0,0,77,0,41,5,17,128,145,1,1,142,141,143,0,1,10,2
143,0,0,0,0,0,0,65,0,28,14,93,72,165,4,0,144,144,146,3,1,10,2
120,0,0,0,0,0,0,37,1,0,11,96,78,174,4,0,119,132,128,51,0,2,1
137,0,0,0,0,0,0,63,0,49,4,22,133,155,2,0,142,141,142,0,0,10,2
132,0,0,0,0,0,0,30,1,0,14,55,95,150,1,1,133,128,132,12,0,7,1
138,0,0,0,0,0,0,39,0,10,9,23,131,154,2,0,142,141,143,1,0,1,1
123,0,0,0,0,0,0,70,0,54,6,31,100,131,0,0,123,121,123,1,1,9,3
149,0,0,0,0,0,0,37,1,10,6,71,104,175,6,0,163,159,163,7,1,5,2
137,0,0,0,0,0,0,74,0,71,4,13,135,148,1,0,140,141,142,1,0,9,3
120,0,0,0,0,0,0,45,0,0,11,27,109,136,2,0,123,124,126,2,0,1,1
144,0,0,0,0,0,0,39,1,5,2,43,136,179,1,0,157,157,157,4,0,2,1
123,0,0,0,0,0,0,55,0,0,8,71,81,152,4,0,129,129,130,3,1,2,1
145,0,0,0,0,0,0,50,0,12,6,65,103,168,8,0,153,155,156,3,1,5,2
137,0,0,0,0,0,0,64,0,12,10,85,68,153,2,0,143,142,143,3,1,10,2
142,0,0,0,0,0,0,45,0,21,8,25,132,157,1,0,145,144,146,1,0,1,1
135,0,0,0,0,0,0,26,1,0,10,37,123,160,1,1,137,138,139,2,0,1,1
128,0,0,0,0,0,0,31,1,0,2,141,57,198,11,0,137,130,137,41,0,6,1
133,0,0,0,0,0,0,60,0,14,11,80,68,148,4,0,137,136,138,2,1,10,2
115,0,0,0,0,0,0,21,1,0,13,41,100,141,1,0,114,113,114,2,-1,1,1
122,0,0,0,0,0,0,22,1,0,13,45,103,148,1,0,131,129,131,4,0,2,1
143,0,0,0,0,0,0,50,0,0,4,106,72,178,5,0,147,150,149,6,1,2,1
142,0,0,0,0,0,0,58,0,22,6,13,145,158,0,0,153,151,153,0,0,1,1
129,0,0,0,0,0,0,47,0,0,17,104,52,156,6,0,133,133,134,4,1,3,1
122,0,0,0,0,0,0,21,1,0,16,48,104,152,2,0,125,126,126,4,0,1,1
133,0,0,0,0,0,0,36,3,0,27,105,54,159,4,0,143,137,142,28,1,2,1
133,0,0,0,0,0,0,28,1,0,0,89,91,180,7,1,163,152,158,34,1,4,1
112,0,0,0,0,0,0,17,2,1,9,66,78,144,0,1,112,112,113,9,0,6,1
127,0,0,0,0,0,0,19,2,0,25,78,81,159,4,0,131,125,128,19,0,7,1
146,0,0,0,0,0,0,27,1,15,6,81,86,167,5,0,151,140,145,31,1,7,1
147,0,0,0,0,0,0,46,0,49,4,24,143,167,1,0,160,157,159,1,0,2,1
157,0,0,0,0,0,0,50,0,0,5,39,153,192,1,0,165,166,166,4,-1,2,1
116,0,0,0,0,0,0,46,0,39,5,44,91,135,4,0,120,120,122,1,1,1,1
145,0,0,0,0,0,0,57,0,10,8,66,93,159,4,0,149,149,150,1,1,1,1
137,0,0,0,0,0,0,60,0,22,13,96,71,167,3,0,143,144,144,3,1,5,2
133,0,0,0,0,0,0,45,0,0,17,38,121,159,3,0,133,135,136,5,0,3,1
131,0,0,0,0,0,0,28,1,0,12,66,88,154,5,0,135,134,137,7,1,6,1
119,0,0,0,0,0,0,26,1,0,14,56,88,144,3,0,127,122,125,8,0,1,1
135,0,0,0,0,0,0,67,0,69,4,76,67,143,2,0,137,136,138,0,1,10,3
130,0,0,0,0,0,0,31,2,0,14,120,50,170,12,0,157,151,156,24,1,4,1
144,0,0,0,0,0,0,74,0,56,6,25,131,156,4,0,150,150,151,0,1,10,2
122,0,0,0,0,0,0,26,1,0,7,68,89,157,2,0,125,122,124,11,0,6,1
148,0,0,0,0,0,0,60,0,49,4,83,78,161,3,0,154,152,154,1,1,10,2
137,0,0,0,0,0,0,75,0,32,7,24,127,151,2,0,138,139,140,1,0,10,2
140,0,0,0,0,0,0,41,1,0,8,121,52,173,12,1,159,149,154,30,1,4,1
136,0,0,0,0,0,0,40,0,7,10,35,119,154,2,0,138,139,140,2,0,2,1
132,0,0,0,0,0,0,33,1,0,13,35,120,155,1,0,138,138,139,2,0,1,1
135,0,0,0,0,0,0,50,0,2,1,46,122,168,3,0,139,142,143,4,0,2,1
131,0,0,0,0,0,0,29,1,0,13,31,117,148,0,0,129,133,134,5,0,1,1
121,0,0,0,0,0,0,33,1,0,6,139,59,198,11,0,142,137,140,18,0,2,1
120,0,0,0,0,0,0,50,0,26,6,20,116,136,0,0,125,123,125,1,0,1,1
143,0,0,0,0,0,0,65,0,24,10,111,56,167,4,0,143,144,145,1,1,10,2
137,0,0,0,0,0,0,75,0,34,6,24,127,151,2,0,138,139,140,1,0,5,2
146,0,0,0,0,0,0,38,1,33,6,78,94,172,2,3,162,154,158,19,1,6,1
120,0,0,0,0,0,0,35,2,0,11,121,55,176,10,0,167,149,157,72,1,4,1
138,0,0,0,0,0,0,41,0,8,10,51,105,156,4,0,142,142,143,2,1,2,1
143,0,0,0,0,0,0,50,1,3,12,126,74,200,8,0,148,147,149,4,0,2,1
122,0,0,0,0,0,0,23,1,0,16,33,109,142,2,1,126,127,128,3,0,3,1
130,0,0,0,0,0,0,53,0,51,5,19,114,133,2,0,120,122,122,3,-1,1,1
128,0,0,0,0,0,0,46,2,0,11,114,50,164,8,1,129,123,128,17,1,6,1
133,0,0,0,0,0,0,72,0,20,8,32,115,147,2,0,133,136,136,3,0,10,2
144,0,0,0,0,0,0,60,0,8,7,33,123,156,0,0,147,145,148,2,1,10,2
150,0,0,0,0,0,0,73,0,44,7,26,128,154,3,0,150,149,151,0,1,10,2
137,0,0,0,0,0,0,59,0,24,13,97,70,167,8,0,143,144,145,5,1,2,1
122,0,0,0,0,0,0,21,1,0,14,37,105,142,1,0,125,123,125,3,0,1,1
132,0,0,0,0,0,0,35,1,0,12,55,109,164,3,0,136,139,140,9,0,2,1
142,0,0,0,0,0,0,41,1,22,5,115,67,182,1,0,157,140,149,73,1,7,1
132,0,0,0,0,0,0,21,2,0,6,95,80,175,6,2,143,139,142,23,0,6,1
146,0,0,0,0,0,0,28,1,11,22,82,92,174,6,1,150,147,150,8,1,3,1
158,0,0,0,0,0,0,41,0,0,0,45,153,198,2,0,186,180,183,11,1,4,1
134,0,0,0,0,0,0,81,0,91,1,3,133,136,1,0,135,134,136,0,1,9,3
116,0,0,0,0,0,0,48,0,26,5,12,114,126,1,0,120,120,122,0,0,1,1
149,0,0,0,0,0,0,36,1,10,6,121,58,179,6,0,163,158,163,11,1,5,2
140,0,0,0,0,0,0,67,0,25,7,25,122,147,1,0,142,138,141,4,1,10,2
151,0,0,0,0,0,0,56,0,23,3,37,141,178,3,0,157,160,160,4,0,2,1
136,0,0,0,0,0,0,54,0,8,9,49,118,167,1,0,151,149,151,7,1,2,1
147,0,0,0,0,0,0,42,0,37,4,42,132,174,1,0,157,157,159,1,0,2,1
145,0,0,0,0,0,0,75,0,39,7,54,131,185,3,0,145,144,146,0,-1,10,2
128,0,0,0,0,0,0,30,1,0,14,77,119,196,3,0,148,154,155,13,0,5,2
141,0,0,0,0,0,0,78,0,49,4,10,136,146,1,0,142,141,143,0,0,10,2
133,0,0,0,0,0,0,32,1,0,6,83,96,179,5,0,163,149,149,37,0,4,1
136,0,0,0,0,0,0,32,1,0,12,92,71,163,4,0,133,133,137,19,1,7,1
132,0,0,0,0,0,0,19,2,0,4,100,76,176,6,1,145,138,143,36,1,6,1
129,0,0,0,0,0,0,64,0,54,5,23,118,141,1,0,131,130,132,0,0,10,2
143,0,0,0,0,0,0,59,0,29,9,37,120,157,5,1,146,146,147,2,1,1,1
140,0,0,0,0,0,0,34,1,0,10,60,119,179,2,0,156,153,155,5,0,2,1
122,0,0,0,0,0,0,23,1,1,16,41,111,152,2,0,125,127,127,4,0,1,1
128,0,0,0,0,0,0,22,2,0,9,125,53,178,11,0,143,121,131,101,0,7,1
146,0,0,0,0,0,0,61,0,53,6,45,118,163,5,0,157,154,157,2,1,5,2
122,0,0,0,0,0,0,23,1,3,9,73,84,157,3,0,126,121,122,14,0,6,1
123,0,0,0,0,0,0,39,1,0,16,95,51,146,6,1,129,128,130,9,1,2,1
128,0,0,0,0,0,0,26,1,0,6,141,57,198,9,0,129,125,132,34,0,6,1
142,0,0,0,0,0,0,23,3,0,1,144,50,194,12,1,143,127,135,72,0,7,1
147,0,0,0,0,0,0,44,0,36,3,35,143,178,0,0,157,158,159,1,0,2,1
138,0,0,0,0,0,0,59,0,26,4,54,100,154,5,0,147,145,148,3,1,5,2
129,0,0,0,0,0,0,52,0,0,3,36,121,157,0,0,133,138,138,11,0,2,1
122,0,0,0,0,0,0,20,1,0,15,37,105,142,0,0,125,123,125,4,0,3,1
145,0,0,0,0,0,0,34,1,0,22,117,57,174,6,1,150,147,150,11,1,2,1
123,0,0,0,0,0,0,52,0,3,14,77,63,140,7,0,127,128,130,5,1,2,1
138,0,0,0,0,0,0,37,1,0,5,52,116,168,2,0,146,146,147,4,0,2,1
130,0,0,0,0,0,0,46,1,0,16,95,60,155,8,0,136,133,135,8,1,1,1
132,0,0,0,0,0,0,20,2,0,8,102,74,176,9,2,141,136,140,24,0,6,1
148,0,0,0,0,0,0,77,0,3,9,32,140,172,2,0,150,152,153,2,0,2,1
126,0,0,0,0,0,0,27,1,0,5,58,103,161,2,0,133,135,135,10,0,2,1
133,0,0,0,0,0,0,27,1,13,11,95,82,177,4,0,147,133,138,43,0,6,1
147,0,0,0,0,0,0,63,0,12,8,80,74,154,1,0,148,147,149,1,1,1,1
132,0,0,0,0,0,0,26,6,0,5,143,50,193,10,0,133,113,117,89,0,7,1
120,0,0,0,0,0,0,37,1,0,9,25,112,137,1,0,127,127,129,2,0,1,1
148,0,0,0,0,0,0,27,1,8,13,50,129,179,3,0,157,154,157,6,0,2,1
135,0,0,0,0,0,0,24,2,0,3,98,80,178,4,2,143,143,146,15,0,6,1
144,0,0,0,0,0,0,51,1,10,21,115,71,186,9,0,153,151,153,6,1,5,2
143,0,0,0,0,0,0,57,0,5,10,98,74,172,2,0,150,148,150,1,1,1,1
134,0,0,0,0,0,0,26,5,0,0,150,50,200,5,3,76,107,107,170,0,8,3
143,0,0,0,0,0,0,43,0,12,5,34,132,166,2,0,147,148,149,2,0,2,1
145,0,0,0,0,0,0,62,0,8,10,87,70,157,1,1,148,145,148,4,1,10,2
141,0,0,0,0,0,0,53,1,28,5,123,57,180,13,0,154,149,154,10,1,5,2
130,0,0,0,0,0,0,78,0,84,2,28,105,133,6,0,131,130,132,1,1,9,3
135,0,0,0,0,0,0,58,0,15,8,95,70,165,5,0,139,140,141,2,1,1,1
142,0,0,0,0,0,0,43,0,37,7,28,130,158,3,0,147,146,148,0,0,1,1
127,0,0,0,0,0,0,24,1,0,1,67,109,176,3,0,155,148,152,19,0,4,1
146,0,0,0,0,0,0,74,0,59,13,111,74,185,4,0,147,147,148,2,0,10,2
122,0,0,0,0,0,0,22,1,0,7,69,74,143,3,0,133,122,127,26,1,6,1
127,0,0,0,0,0,0,63,0,4,11,89,62,151,4,0,129,128,130,1,1,10,2
148,0,0,0,0,0,0,41,0,29,6,20,143,163,1,0,154,153,154,0,0,1,1
152,0,0,0,0,0,0,61,0,71,5,30,134,164,4,0,160,158,160,1,1,9,3
142,0,0,0,0,0,0,45,0,1,11,47,113,160,4,2,150,148,151,4,1,2,1
143,0,0,0,0,0,0,70,0,50,5,13,142,155,1,0,147,146,148,0,0,10,2
132,0,0,0,0,0,0,16,2,0,19,117,53,170,9,0,137,136,138,11,1,2,1
140,0,0,0,0,0,0,35,5,0,29,126,50,176,10,1,148,143,148,43,1,6,1
126,0,0,0,0,0,0,36,0,4,7,21,121,142,1,0,136,133,135,1,1,1,1
135,0,0,0,0,0,0,68,0,72,3,10,133,143,1,0,137,136,138,0,0,9,3
137,0,0,0,0,0,0,64,0,12,8,22,131,153,1,0,145,143,145,1,0,10,2
146,0,0,0,0,0,0,65,0,41,7,28,134,162,4,0,152,150,152,1,0,10,2
123,0,0,0,0,0,0,54,0,9,8,29,116,145,4,0,126,128,129,3,0,1,1
139,0,0,0,0,0,0,37,1,0,7,106,68,174,7,1,141,143,145,13,1,2,1
138,0,0,0,0,0,0,45,1,0,12,115,71,186,7,0,144,144,145,6,0,2,1
125,0,0,0,0,0,0,44,0,15,8,21,120,141,0,0,131,130,131,1,0,1,1
120,0,0,0,0,0,0,40,1,0,14,29,106,135,1,0,121,119,121,3,0,1,1
130,0,0,0,0,0,0,59,0,37,6,21,125,146,2,0,129,132,132,2,-1,1,1
131,0,0,0,0,0,0,34,2,0,19,107,52,159,2,0,133,135,137,22,1,2,1
125,0,0,0,0,0,0,22,3,0,13,145,52,197,7,1,121,117,121,23,0,7,1
141,0,0,0,0,0,0,60,0,41,5,38,121,159,3,0,154,149,154,8,1,5,2
159,0,0,0,0,0,0,69,0,21,6,15,153,168,0,0,163,163,164,0,1,10,2
125,0,0,0,0,0,0,40,0,9,8,29,122,151,1,0,131,132,132,2,-1,2,1
144,0,0,0,0,0,0,77,0,62,3,12,138,150,2,0,144,144,146,0,0,10,2
121,0,0,0,0,0,0,28,1,0,5,67,70,137,2,1,114,112,116,21,1,7,1
117,0,0,0,0,0,0,51,0,9,13,77,56,133,5,0,123,122,124,2,1,1,1
125,0,0,0,0,0,0,48,0,0,4,63,82,145,9,0,133,132,133,3,1,2,1
115,0,0,0,0,0,0,17,2,0,6,89,80,169,3,1,121,115,119,25,0,6,1
123,0,0,0,0,0,0,36,0,16,3,34,115,149,1,0,126,127,127,3,-1,2,1
144,0,0,0,0,0,0,38,0,6,8,27,134,161,1,0,148,147,149,1,0,1,1
133,0,0,0,0,0,0,53,0,13,9,22,125,147,2,0,137,136,137,1,0,1,1
152,0,0,0,0,0,0,57,0,50,6,53,110,163,4,3,159,154,158,5,1,1,1
132,0,0,0,0,0,0,31,1,0,11,102,61,163,5,0,99,121,129,94,1,6,1
119,0,0,0,0,0,0,25,1,9,9,40,103,143,3,0,126,122,124,4,0,1,1
131,0,0,0,0,0,0,29,1,0,4,89,82,171,8,0,143,145,145,9,1,2,1
122,0,0,0,0,0,0,22,2,0,1,52,100,152,1,0,131,133,134,5,0,2,1
128,0,0,0,0,0,0,29,1,0,6,91,65,156,8,0,133,129,133,27,1,6,1
144,0,0,0,0,0,0,78,0,23,11,126,74,200,5,0,146,145,147,3,0,10,2
138,0,0,0,0,0,0,55,0,0,9,48,103,151,4,0,144,140,143,5,1,1,1
129,0,0,0,0,0,0,22,1,0,10,53,109,162,4,0,147,143,146,7,1,4,1
129,0,0,0,0,0,0,23,1,0,0,53,109,162,5,0,144,143,145,8,0,4,1
144,0,0,0,0,0,0,75,0,58,4,10,144,154,2,0,151,150,152,0,1,10,2
123,0,0,0,0,0,0,22,2,0,6,52,100,152,2,0,131,132,133,4,0,2,1
128,0,0,0,0,0,0,22,2,0,6,109,65,174,7,0,143,126,134,70,0,6,1
122,0,0,0,0,0,0,24,1,0,10,73,77,150,1,2,124,119,123,12,0,7,1
129,0,0,0,0,0,0,30,2,0,8,128,54,182,13,0,129,104,120,138,0,8,3
120,0,0,0,0,0,0,38,1,0,15,59,103,162,6,0,119,118,120,4,-1,3,1
131,0,0,0,0,0,0,28,1,0,5,87,71,158,2,0,141,137,141,10,1,2,1
135,0,0,0,0,0,0,62,0,71,6,97,71,168,3,0,143,142,144,1,1,9,3
144,0,0,0,0,0,0,36,0,2,10,27,134,161,0,0,147,147,148,1,0,1,1
122,0,0,0,0,0,0,25,1,0,8,44,104,148,4,0,126,125,127,3,0,2,1
115,0,0,0,0,0,0,25,1,0,10,108,71,179,3,2,129,122,130,42,0,7,1
143,0,0,0,0,0,0,67,0,34,7,27,129,156,3,0,151,146,149,3,1,10,2
128,0,0,0,0,0,0,39,2,0,17,128,51,179,7,0,133,126,132,22,0,6,1
142,0,0,0,0,0,0,32,2,0,0,144,56,200,10,0,170,158,162,37,1,4,1
135,0,0,0,0,0,0,23,1,0,8,88,69,157,6,2,139,134,139,17,1,7,1
138,0,0,0,0,0,0,45,0,56,6,39,113,152,3,0,141,139,141,1,1,1,1
143,0,0,0,0,0,0,63,0,35,6,33,128,161,4,0,147,146,148,0,0,10,2
122,0,0,0,0,0,0,21,2,0,17,39,104,143,4,2,129,126,128,4,0,3,1
142,0,0,0,0,0,0,59,0,32,6,22,141,163,1,0,155,153,155,1,0,5,2
144,0,0,0,0,0,0,43,0,1,10,40,129,169,1,0,157,154,156,3,0,5,2
159,0,0,0,0,0,0,57,0,8,9,40,148,188,0,0,167,169,170,5,0,5,2
146,0,0,0,0,0,0,31,1,22,6,88,84,172,1,1,162,150,156,36,1,6,1
142,0,0,0,0,0,0,25,3,0,2,144,50,194,7,0,143,129,137,56,0,7,1
119,0,0,0,0,0,0,27,1,0,13,36,110,146,1,0,120,120,121,1,-1,1,1
129,0,0,0,0,0,0,34,1,0,12,118,78,196,10,0,137,136,137,6,0,2,1
118,0,0,0,0,0,0,25,1,22,7,88,72,160,2,2,126,120,123,11,0,6,1
133,0,0,0,0,0,0,28,1,0,9,87,71,158,2,0,141,137,141,11,1,2,1
139,0,0,0,0,0,0,38,1,0,11,47,114,161,2,0,142,141,142,3,0,1,1
143,0,0,0,0,0,0,46,0,0,11,116,68,184,5,1,150,147,149,4,1,1,1
128,0,0,0,0,0,0,17,2,0,8,125,53,178,9,0,133,114,122,73,0,7,1
132,0,0,0,0,0,0,33,1,0,14,39,111,150,2,1,133,132,134,3,0,1,1
112,0,0,0,0,0,0,16,2,3,10,62,78,140,3,1,112,108,110,10,0,7,1
119,0,0,0,0,0,0,30,1,2,11,89,77,166,3,2,121,122,123,3,0,1,1
143,0,0,0,0,0,0,44,1,5,12,45,128,173,4,0,147,148,149,4,0,2,1
150,0,0,0,0,0,0,84,0,37,5,16,140,156,0,0,150,150,151,0,0,9,3
126,0,0,0,0,0,0,27,1,0,6,43,113,156,3,0,129,134,134,10,0,2,1
122,0,0,0,0,0,0,27,1,0,9,27,113,140,1,0,125,125,126,1,0,1,1
137,0,0,0,0,0,0,20,2,0,0,74,86,160,1,0,126,128,130,23,0,6,1
130,0,0,0,0,0,0,29,2,0,7,136,54,190,13,0,129,106,122,129,0,8,3
131,0,0,0,0,0,0,27,1,0,8,52,118,170,7,0,148,146,147,7,0,2,1
123,0,0,0,0,0,0,29,1,0,3,56,92,148,3,0,123,122,124,6,0,7,1
128,0,0,0,0,0,0,21,2,0,5,107,67,174,7,0,143,126,135,76,0,6,1
136,0,0,0,0,0,0,46,0,1,7,39,119,158,1,1,144,143,145,1,0,2,1
121,0,0,0,0,0,0,24,1,0,4,67,90,157,2,0,120,125,123,16,0,2,1
125,0,0,0,0,0,0,66,0,20,6,22,109,131,1,0,120,121,122,1,0,10,2
133,0,0,0,0,0,0,16,2,0,13,130,68,198,5,1,141,135,138,13,0,6,1
134,0,0,0,0,0,0,29,1,0,5,102,67,169,10,1,147,136,143,45,1,6,1
132,0,0,0,0,0,0,55,0,16,8,42,115,157,2,0,133,138,139,7,0,2,1
159,0,0,0,0,0,0,58,0,13,8,42,146,188,2,0,167,172,174,8,0,5,2
138,0,0,0,0,0,0,68,0,21,7,22,128,150,1,0,144,142,144,1,1,10,2
142,0,0,0,0,0,0,68,0,39,6,15,136,151,1,0,142,142,143,0,0,10,2
127,0,0,0,0,0,0,35,2,0,5,113,61,174,13,1,133,143,143,39,1,4,1
145,0,0,0,0,0,0,74,0,30,8,54,131,185,2,0,145,144,146,1,-1,10,2
139,0,0,0,0,0,0,33,1,0,12,40,131,171,1,0,144,144,145,3,-1,2,1
120,0,0,0,0,0,0,35,1,0,9,127,62,189,7,0,125,136,132,49,0,2,1
146,0,0,0,0,0,0,39,0,38,5,18,148,166,1,0,154,155,156,1,0,1,1
120,0,0,0,0,0,0,45,0,0,9,39,102,141,3,0,115,114,116,1,0,1,1
144,0,0,0,0,0,0,38,1,3,7,63,116,179,3,0,155,153,155,6,0,2,1
121,0,0,0,0,0,0,34,1,0,6,83,70,153,5,1,127,123,126,29,1,6,1
145,0,0,0,0,0,0,41,1,0,15,136,60,196,8,1,145,148,149,6,0,1,1
136,0,0,0,0,0,0,24,1,0,3,115,60,175,8,0,136,128,135,35,0,6,1
133,0,0,0,0,0,0,27,1,0,20,89,64,153,9,2,142,135,140,21,1,2,1
132,0,0,0,0,0,0,30,1,0,14,58,95,153,3,0,133,128,132,16,0,6,1
129,0,0,0,0,0,0,28,1,1,7,30,122,152,1,0,133,133,134,2,0,2,1
146,0,0,0,0,0,0,28,1,15,6,83,80,163,4,0,148,145,151,24,1,7,1
152,0,0,0,0,0,0,61,0,64,6,34,129,163,3,1,160,157,160,1,1,10,2
140,0,0,0,0,0,0,69,0,21,8,22,129,151,2,0,141,141,142,1,0,10,2
136,0,0,0,0,0,0,45,0,2,6,29,129,158,2,0,144,143,145,1,0,2,1
133,0,0,0,0,0,0,38,1,0,12,58,113,171,5,1,150,147,149,5,0,2,1
136,0,0,0,0,0,0,37,1,0,8,94,64,158,2,0,139,137,141,21,1,6,1
130,0,0,0,0,0,0,24,2,0,10,125,53,178,5,0,143,128,138,70,1,6,1
125,0,0,0,0,0,0,22,2,0,8,125,53,178,9,0,143,123,131,84,0,6,1
123,0,0,0,0,0,0,56,0,0,7,71,81,152,4,0,127,129,131,4,1,2,1
146,0,0,0,0,0,0,39,0,21,5,28,143,171,2,0,154,153,154,1,0,2,1
141,0,0,0,0,0,0,75,0,49,4,9,136,145,1,0,143,141,143,0,1,10,2
143,0,0,0,0,0,0,51,1,10,18,100,72,172,8,1,147,146,147,4,1,1,1
142,0,0,0,0,0,0,61,0,52,12,79,71,150,12,0,143,142,144,3,1,10,2
141,0,0,0,0,0,0,25,1,1,12,86,85,171,9,0,145,141,145,17,1,7,1
146,0,0,0,0,0,0,28,1,16,6,85,80,165,5,0,148,146,151,25,1,7,1
146,0,0,0,0,0,0,77,0,61,5,29,120,149,4,0,147,146,147,0,1,10,2
135,0,0,0,0,0,0,70,0,84,3,9,132,141,1,0,136,136,137,0,0,9,3
134,0,0,0,0,0,0,79,0,41,5,17,128,145,2,0,135,135,136,1,0,9,3
132,0,0,0,0,0,0,51,0,2,9,25,116,141,1,0,136,135,137,1,1,1,1
143,0,0,0,0,0,0,47,0,0,10,33,137,170,2,1,155,154,156,3,0,2,1
115,0,0,0,0,0,0,20,1,0,9,82,75,157,3,0,120,121,121,8,0,2,1
120,0,0,0,0,0,0,56,0,13,8,130,55,185,10,0,125,128,130,8,0,2,1
144,0,0,0,0,0,0,43,0,1,10,45,129,174,0,0,155,154,156,2,0,2,1
148,0,0,0,0,0,0,50,0,60,4,12,151,163,1,0,160,159,160,0,1,1,1
150,0,0,0,0,0,0,79,0,84,2,5,147,152,1,0,150,149,151,0,0,9,3
130,0,0,0,0,0,0,25,1,0,8,141,57,198,16,0,129,125,131,35,0,7,2
154,0,0,0,0,0,0,65,0,0,13,92,74,166,2,0,156,158,159,2,1,10,2
142,0,0,0,0,0,0,51,0,9,9,50,112,162,8,0,153,149,151,4,1,5,2
132,0,0,0,0,0,0,64,0,38,6,22,121,143,2,0,133,132,133,0,0,10,2
142,0,0,0,0,0,0,51,1,5,19,119,56,175,12,0,141,141,143,5,1,1,1
112,0,0,0,0,0,0,26,1,1,8,54,90,144,4,2,120,116,117,4,0,2,1
141,0,0,0,0,0,0,25,1,0,13,103,74,177,10,0,142,143,144,4,1,3,1
132,0,0,0,0,0,0,30,1,0,0,90,60,150,3,0,99,104,102,33,0,8,3
142,0,0,0,0,0,0,44,0,40,7,28,130,158,3,0,147,146,148,0,0,1,1
126,0,0,0,0,0,0,41,1,2,10,127,66,193,9,0,129,133,133,11,0,2,1
124,0,0,0,0,0,0,34,1,0,0,39,110,149,3,0,129,130,131,5,0,2,1
148,0,0,0,0,0,0,44,0,6,8,28,142,170,1,0,155,155,156,1,0,2,1
142,0,0,0,0,0,0,25,1,0,11,26,130,156,0,0,147,145,147,2,0,3,1
135,0,0,0,0,0,0,58,0,32,6,31,117,148,4,0,140,139,141,1,1,1,1
142,0,0,0,0,0,0,38,0,0,11,32,127,159,1,0,151,146,149,5,0,1,1
133,0,0,0,0,0,0,64,0,81,3,12,126,138,1,0,133,132,134,0,0,9,3
146,0,0,0,0,0,0,40,2,0,26,133,50,183,8,0,156,154,157,20,1,2,1
121,0,0,0,0,0,0,25,1,0,3,73,71,144,2,0,120,114,119,29,1,6,1
123,0,0,0,0,0,0,73,0,72,5,28,108,136,3,0,123,124,125,1,0,9,3
148,0,0,0,0,0,0,44,0,16,7,20,150,170,2,0,163,161,163,0,0,5,2
154,0,0,0,0,0,0,56,0,1,9,31,140,171,1,0,161,160,162,2,1,1,1
129,0,0,0,0,0,0,24,1,0,13,45,114,159,1,0,133,138,138,9,0,2,1
120,0,0,0,0,0,0,46,1,11,19,132,57,189,9,0,125,123,126,15,0,2,1
138,0,0,0,0,0,0,44,0,61,5,19,130,149,1,0,141,140,142,0,0,10,2
139,0,0,0,0,0,0,54,0,5,7,101,65,166,2,0,147,145,147,5,1,2,1
126,0,0,0,0,0,0,28,1,0,10,34,107,141,1,0,127,128,128,3,0,1,1
138,0,0,0,0,0,0,43,0,54,5,19,130,149,1,0,141,140,142,0,0,1,1
115,0,0,0,0,0,0,19,1,0,6,56,101,157,1,1,120,121,121,9,0,2,1
120,0,0,0,0,0,0,57,0,0,9,21,112,133,0,0,125,123,124,1,0,1,1
125,0,0,0,0,0,0,28,1,0,7,87,79,166,4,0,131,132,132,8,0,2,1
121,0,0,0,0,0,0,39,0,0,8,58,95,153,4,0,150,131,132,47,0,2,1
122,0,0,0,0,0,0,21,1,0,14,55,104,159,1,1,126,127,128,6,0,2,1
140,0,0,0,0,0,0,61,0,16,12,129,64,193,9,1,142,138,141,11,0,7,2
125,0,0,0,0,0,0,25,1,0,19,62,80,142,4,1,127,125,127,6,1,3,1
120,0,0,0,0,0,0,28,3,0,12,128,53,181,9,1,129,125,127,25,0,2,1
126,0,0,0,0,0,0,35,1,5,7,21,121,142,1,0,136,133,135,2,0,1,1
128,0,0,0,0,0,0,20,2,0,13,92,79,171,2,1,151,137,142,39,1,6,1
128,0,0,0,0,0,0,78,0,32,6,17,127,144,2,0,133,135,135,2,0,5,2
136,0,0,0,0,0,0,52,0,28,6,14,136,150,1,0,144,143,145,0,0,1,1
140,0,0,0,0,0,0,55,1,0,0,138,50,188,3,0,150,164,167,40,1,4,1
115,0,0,0,0,0,0,20,1,0,10,88,69,157,5,0,114,118,118,13,0,2,1
142,0,0,0,0,0,0,43,0,0,6,46,127,173,3,0,149,149,150,4,0,2,1
122,0,0,0,0,0,0,24,1,0,8,78,79,157,3,0,136,127,131,21,1,6,1
132,0,0,0,0,0,0,35,2,0,0,145,54,199,9,2,75,90,78,104,-1,8,3
136,0,0,0,0,0,0,36,0,2,10,29,124,153,2,0,139,139,140,1,0,1,1
140,0,0,0,0,0,0,52,1,0,17,108,68,176,2,0,144,147,147,18,1,2,1
129,0,0,0,0,0,0,38,1,0,12,54,111,165,4,1,133,132,134,2,0,3,1
122,0,0,0,0,0,0,16,3,0,19,96,62,158,6,0,125,120,124,25,0,6,1
125,0,0,0,0,0,0,24,1,0,17,84,68,152,4,0,132,132,133,5,1,2,1
129,0,0,0,0,0,0,61,0,5,5,29,121,150,2,0,143,137,139,7,0,2,1
128,0,0,0,0,0,0,37,4,0,26,147,52,199,7,1,133,147,140,100,0,2,1
115,0,0,0,0,0,0,20,1,0,10,86,71,157,5,0,116,119,118,11,0,2,1
129,0,0,0,0,0,0,36,1,0,0,99,99,198,3,1,186,163,169,106,1,4,1
146,0,0,0,0,0,0,29,1,2,7,70,99,169,2,1,150,148,150,7,1,6,1
126,0,0,0,0,0,0,48,0,0,6,37,118,155,2,0,133,135,135,6,0,2,1
142,0,0,0,0,0,0,60,0,17,6,21,142,163,0,0,153,152,153,1,0,10,2
148,0,0,0,0,0,0,44,0,8,9,31,142,173,4,0,157,156,158,1,0,2,1
148,0,0,0,0,0,0,65,0,21,6,17,145,162,0,0,156,155,157,0,0,10,2
150,0,0,0,0,0,0,53,0,62,4,14,151,165,0,0,161,159,161,1,0,10,2
147,0,0,0,0,0,0,71,0,0,9,82,116,198,2,0,156,158,159,10,0,2,1
142,0,0,0,0,0,0,54,0,0,11,52,120,172,3,0,148,145,147,2,0,1,1
122,0,0,0,0,0,0,32,1,0,6,57,93,150,2,0,133,130,134,12,1,6,1
125,0,0,0,0,0,0,38,0,11,9,35,103,138,2,0,131,129,131,1,1,1,1
142,0,0,0,0,0,0,30,1,0,17,83,76,159,4,1,144,142,145,10,1,6,1
151,0,0,0,0,0,0,47,0,70,3,8,154,162,0,0,159,158,160,0,0,9,3
123,0,0,0,0,0,0,32,1,0,16,76,66,142,3,0,125,125,125,4,1,3,1
138,0,0,0,0,0,0,57,1,11,10,132,60,192,11,1,140,126,137,75,0,7,2
123,0,0,0,0,0,0,45,1,19,3,85,59,144,8,1,124,119,125,14,1,7,1
137,0,0,0,0,0,0,65,0,11,8,20,133,153,1,0,145,144,146,1,0,10,2
131,0,0,0,0,0,0,44,0,0,4,65,125,190,1,0,137,146,140,38,-1,2,1
125,0,0,0,0,0,0,37,0,12,8,42,103,145,2,0,131,129,132,1,1,1,1
144,0,0,0,0,0,0,34,1,0,19,104,71,175,4,1,148,149,151,11,1,2,1
123,0,0,0,0,0,0,55,0,0,8,71,81,152,4,0,129,129,130,3,1,2,1
123,0,0,0,0,0,0,50,0,4,14,82,58,140,7,0,129,128,130,5,1,2,1
122,0,0,0,0,0,0,84,0,5,13,68,62,130,0,0,122,122,123,3,1,9,3
142,0,0,0,0,0,0,55,0,5,12,44,116,160,4,0,145,145,147,2,1,1,1
148,0,0,0,0,0,0,79,0,4,10,20,140,160,1,0,150,151,153,1,0,10,2
130,0,0,0,0,0,0,23,1,10,5,32,120,152,2,0,133,133,134,1,0,1,1
154,0,0,0,0,0,0,48,0,0,7,66,123,189,3,2,161,164,164,8,0,2,1
152,0,0,0,0,0,0,58,0,48,7,53,110,163,4,3,159,154,157,4,1,1,1
151,0,0,0,0,0,0,48,0,68,4,8,154,162,0,0,159,158,160,0,0,10,2
132,0,0,0,0,0,0,32,1,0,12,87,95,182,5,0,155,146,149,15,0,2,1
125,0,0,0,0,0,0,51,0,0,4,16,125,141,1,0,133,132,134,0,0,1,1
123,0,0,0,0,0,0,44,0,34,6,82,59,141,4,0,127,126,128,0,1,1,1
122,0,0,0,0,0,0,86,0,6,10,68,62,130,1,0,122,122,123,1,1,9,3
133,0,0,0,0,0,0,52,0,1,9,67,94,161,4,0,136,137,138,2,0,2,1
140,0,0,0,0,0,0,53,1,0,12,104,68,172,2,0,146,147,147,12,1,2,1
151,0,0,0,0,0,0,61,1,15,10,150,50,200,8,1,156,148,155,42,1,7,2
152,0,0,0,0,0,0,61,0,74,6,41,123,164,4,0,160,158,160,1,1,9,3
128,0,0,0,0,0,0,36,1,0,4,124,59,183,5,0,137,135,139,18,0,2,1
145,0,0,0,0,0,0,55,0,8,5,27,138,165,5,0,149,150,151,2,0,2,1
144,0,0,0,0,0,0,71,0,24,6,19,133,152,1,0,145,144,146,0,0,10,2
158,0,0,0,0,0,0,42,0,0,2,43,151,194,2,0,180,175,178,10,0,4,1
112,0,0,0,0,0,0,25,1,0,7,37,105,142,1,0,114,115,115,4,-1,2,1
123,0,0,0,0,0,0,72,0,58,6,52,84,136,3,0,123,123,124,1,1,10,2
159,0,0,0,0,0,0,57,0,0,8,22,155,177,1,0,170,167,168,2,0,1,1
143,0,0,0,0,0,0,65,0,0,9,23,129,152,2,1,143,143,145,1,0,10,2
122,0,0,0,0,0,0,17,2,0,18,46,102,148,2,0,119,123,123,8,0,3,1
122,0,0,0,0,0,0,21,1,2,14,54,100,154,3,0,126,125,127,4,0,1,1
123,0,0,0,0,0,0,34,0,11,3,31,116,147,1,0,126,128,128,3,-1,2,1
135,0,0,0,0,0,0,28,1,0,9,40,120,160,2,0,138,139,140,2,0,2,1
137,0,0,0,0,0,0,68,0,47,5,65,135,200,3,0,143,143,144,1,-1,10,2
148,0,0,0,0,0,0,54,0,15,9,52,115,167,7,1,153,152,154,3,1,2,1
140,0,0,0,0,0,0,52,0,0,16,108,57,165,7,0,146,145,147,4,1,1,1
135,0,0,0,0,0,0,50,0,0,12,34,118,152,0,0,137,136,138,1,0,1,1
120,0,0,0,0,0,0,27,2,0,14,127,71,198,10,1,127,130,132,12,0,2,1
125,0,0,0,0,0,0,23,2,0,5,125,53,178,8,0,143,128,137,65,1,6,1
139,0,0,0,0,0,0,34,1,0,14,36,129,165,2,0,144,143,144,2,0,2,1
129,0,0,0,0,0,0,65,0,73,3,7,127,134,1,0,131,130,132,0,0,9,3
125,0,0,0,0,0,0,66,0,46,5,21,112,133,0,0,125,124,126,0,0,10,2
145,0,0,0,0,0,0,55,0,8,6,73,93,166,5,0,149,150,151,1,1,2,1
132,0,0,0,0,0,0,23,1,0,13,42,106,148,5,0,138,136,138,3,1,1,1
128,0,0,0,0,0,0,32,1,0,5,90,68,158,6,0,133,133,135,16,1,6,1
118,0,0,0,0,0,0,25,1,0,10,61,89,150,5,0,120,119,120,6,0,6,1
120,0,0,0,0,0,0,51,0,3,7,38,116,154,3,0,123,125,125,5,-1,1,1
150,0,0,0,0,0,0,61,0,40,6,31,130,161,2,0,154,152,154,1,1,10,2
151,0,0,0,0,0,0,57,2,16,28,149,51,200,12,8,156,150,157,56,1,7,2
127,0,0,0,0,0,0,53,0,0,17,104,64,168,3,0,136,134,136,5,1,2,1
142,0,0,0,0,0,0,31,1,0,24,67,94,161,2,0,151,145,148,10,1,1,1
122,0,0,0,0,0,0,26,1,0,5,61,85,146,5,0,140,129,134,28,1,6,1
122,0,0,0,0,0,0,27,1,0,10,43,93,136,2,0,125,122,124,3,1,1,1
128,0,0,0,0,0,0,36,3,0,20,148,51,199,7,1,133,141,136,83,0,6,1
128,0,0,0,0,0,0,45,2,2,10,128,51,179,9,1,133,132,135,24,0,6,1
143,0,0,0,0,0,0,64,0,19,6,17,137,154,2,0,144,144,145,0,0,10,2
146,0,0,0,0,0,0,37,1,31,7,79,93,172,2,2,162,152,156,23,1,6,1
136,0,0,0,0,0,0,36,1,12,5,79,88,167,2,0,147,140,145,16,1,6,1
139,0,0,0,0,0,0,51,2,0,7,148,52,200,12,4,147,137,145,55,0,7,2
149,0,0,0,0,0,0,35,1,0,0,34,145,179,3,0,169,166,169,5,1,4,1
139,0,0,0,0,0,0,34,1,0,8,42,131,173,4,0,144,145,146,3,-1,2,1
127,0,0,0,0,0,0,54,1,5,15,83,63,146,9,1,140,135,138,14,1,2,1
115,0,0,0,0,0,0,23,1,0,10,57,94,151,2,0,120,121,122,6,0,2,1
150,0,0,0,0,0,0,40,0,37,5,18,143,161,1,0,153,153,154,0,0,1,1
149,0,0,0,0,0,0,51,1,8,18,99,71,170,4,0,151,153,154,7,1,2,1
133,0,0,0,0,0,0,37,1,4,14,81,71,152,4,0,136,130,136,24,1,7,1
141,0,0,0,0,0,0,36,1,9,9,79,92,171,6,0,145,143,146,10,1,6,1
128,0,0,0,0,0,0,74,0,45,6,22,122,144,1,0,133,130,132,1,0,10,2
141,0,0,0,0,0,0,56,0,12,8,136,60,196,8,2,150,137,147,68,0,7,1
130,0,0,0,0,0,0,32,2,0,9,120,50,170,10,0,159,150,155,27,1,4,1
126,0,0,0,0,0,0,23,1,0,12,42,101,143,3,0,126,128,129,2,0,1,1
122,0,0,0,0,0,0,31,1,10,8,57,86,143,4,0,125,125,126,3,1,2,1
122,0,0,0,0,0,0,27,1,0,3,60,87,147,1,1,123,118,123,18,0,6,1
144,0,0,0,0,0,0,41,0,6,4,63,116,179,6,1,155,153,154,5,0,2,1
122,0,0,0,0,0,0,21,4,0,15,150,50,200,8,0,116,112,117,23,0,7,1
145,0,0,0,0,0,0,51,0,0,8,92,74,166,4,0,159,155,157,5,1,2,1
146,0,0,0,0,0,0,66,0,33,7,19,138,157,1,0,150,147,150,1,0,10,2
142,0,0,0,0,0,0,58,0,9,7,20,136,156,0,0,148,147,149,1,0,1,1
126,0,0,0,0,0,0,26,1,0,9,51,114,165,1,0,129,132,131,10,-1,2,1
118,0,0,0,0,0,0,21,1,0,10,55,89,144,1,1,123,118,121,6,0,7,1
136,0,0,0,0,0,0,69,0,0,17,126,54,180,5,0,140,139,141,7,1,6,1
144,0,0,0,0,0,0,32,1,0,12,58,117,175,4,0,148,150,150,8,0,2,1
122,0,0,0,0,0,0,13,3,0,21,129,51,180,6,1,122,122,123,54,0,6,1
146,0,0,0,0,0,0,38,0,0,8,49,126,175,2,0,157,152,154,6,0,2,1
156,0,0,0,0,0,0,53,0,3,19,91,102,193,3,0,161,159,161,3,0,1,1
122,0,0,0,0,0,0,20,2,0,9,55,101,156,4,1,127,126,127,7,0,2,1
122,0,0,0,0,0,0,21,2,0,17,34,104,138,3,2,129,126,128,3,1,3,1
128,0,0,0,0,0,0,19,2,0,1,107,67,174,7,0,134,123,129,57,0,6,1
133,0,0,0,0,0,0,29,1,0,9,118,59,177,7,1,133,129,133,27,0,6,1
123,0,0,0,0,0,0,35,0,13,3,33,116,149,1,0,126,128,127,3,-1,2,1
129,0,0,0,0,0,0,22,5,0,0,145,50,195,13,1,139,122,129,86,0,6,1
133,0,0,0,0,0,0,25,1,0,13,106,68,174,7,1,143,132,138,41,0,6,1
127,0,0,0,0,0,0,21,1,0,12,37,114,151,4,0,128,130,131,2,0,1,1
129,0,0,0,0,0,0,56,0,1,7,23,120,143,3,0,133,133,134,1,0,1,1
138,0,0,0,0,0,0,44,1,20,11,99,81,180,9,2,162,156,159,8,1,5,1
158,0,0,0,0,0,0,54,0,34,8,93,77,170,3,0,165,163,165,2,1,1,1
146,0,0,0,0,0,0,76,0,58,4,18,135,153,2,0,150,149,151,0,1,10,2
133,0,0,0,0,0,0,38,2,0,19,113,54,167,3,0,143,137,141,22,1,2,1
126,0,0,0,0,0,0,29,1,0,4,36,108,144,3,0,127,131,131,4,0,2,1
144,0,0,0,0,0,0,38,0,0,6,48,126,174,1,0,155,154,155,4,0,2,1
159,0,0,0,0,0,0,65,0,11,6,15,153,168,0,0,163,162,164,0,1,10,2
125,0,0,0,0,0,0,31,1,1,12,38,109,147,4,0,125,125,127,3,0,1,1
133,0,0,0,0,0,0,50,0,5,11,57,94,151,3,0,136,136,137,1,1,1,1
158,0,0,0,0,0,0,55,0,38,5,15,156,171,0,0,165,164,166,0,0,1,1
125,0,0,0,0,0,0,31,1,0,11,85,114,199,3,0,126,131,132,9,-1,2,1
147,0,0,0,0,0,0,71,0,17,5,15,139,154,0,0,143,145,146,1,0,10,2
148,0,0,0,0,0,0,42,0,20,9,45,126,171,2,0,157,155,158,3,1,2,1
136,0,0,0,0,0,0,37,0,12,8,33,124,157,3,0,139,139,140,1,0,1,1
124,0,0,0,0,0,0,59,0,0,7,25,111,136,0,0,129,129,130,0,1,1,1
112,0,0,0,0,0,0,24,1,6,6,37,105,142,1,0,114,116,115,4,-1,2,1
148,0,0,0,0,0,0,63,0,30,8,35,121,156,3,1,150,149,151,1,1,10,2
122,0,0,0,0,0,0,29,1,0,8,26,107,133,1,0,126,124,126,1,1,1,1
115,0,0,0,0,0,0,22,1,0,10,102,76,178,3,2,129,124,128,17,0,6,1
123,0,0,0,0,0,0,74,0,64,5,52,84,136,3,0,123,124,126,1,1,10,2
140,0,0,0,0,0,0,35,4,0,23,127,50,177,9,1,143,137,143,27,1,7,1
130,0,0,0,0,0,0,80,0,0,7,49,96,145,3,0,108,123,122,39,1,9,3
125,0,0,0,0,0,0,43,0,31,7,21,120,141,0,0,131,130,132,1,0,1,1
151,0,0,0,0,0,0,81,0,28,6,34,130,164,2,0,152,152,153,1,0,9,3
144,0,0,0,0,0,0,33,1,0,21,103,71,174,5,1,150,149,151,10,1,2,1
131,0,0,0,0,0,0,38,1,0,2,95,58,153,5,0,143,131,142,64,1,6,1
127,0,0,0,0,0,0,17,2,0,3,81,76,157,3,0,114,112,115,16,0,7,1
148,0,0,0,0,0,0,78,0,4,10,32,140,172,1,0,150,150,151,1,-1,10,2
132,0,0,0,0,0,0,52,0,0,8,42,115,157,2,0,142,141,142,3,0,2,1
131,0,0,0,0,0,0,37,1,0,3,135,65,200,5,1,139,154,148,70,0,4,1
127,0,0,0,0,0,0,47,1,0,12,83,64,147,2,0,129,131,132,7,1,2,1
142,0,0,0,0,0,0,38,1,0,0,62,127,189,8,0,180,171,176,22,1,4,1
126,0,0,0,0,0,0,28,1,0,10,43,118,161,3,1,131,134,133,9,-1,2,1
120,0,0,0,0,0,0,56,0,12,8,30,103,133,2,0,120,121,122,1,0,1,1
128,0,0,0,0,0,0,26,2,0,5,95,79,174,2,1,157,142,146,43,1,6,1
139,0,0,0,0,0,0,35,1,0,11,28,131,159,0,0,144,143,145,1,0,1,1
139,0,0,0,0,0,0,41,0,0,8,42,131,173,2,0,144,144,145,3,-1,2,1
138,0,0,0,0,0,0,41,0,8,10,51,105,156,4,0,142,142,143,2,1,1,1
128,0,0,0,0,0,0,27,1,0,1,141,57,198,12,0,135,125,135,59,0,6,1
134,0,0,0,0,0,0,79,0,42,5,17,128,145,2,0,135,135,136,1,0,10,2
120,0,0,0,0,0,0,53,0,3,8,19,116,135,1,0,125,123,125,1,0,1,1
141,0,0,0,0,0,0,56,0,17,7,51,121,172,4,0,154,148,152,7,0,5,2
125,0,0,0,0,0,0,36,1,10,9,54,93,147,1,0,126,127,128,3,0,1,1
135,0,0,0,0,0,0,25,1,0,8,68,90,158,3,0,136,134,136,10,0,6,1
127,0,0,0,0,0,0,48,1,2,14,84,64,148,2,0,133,132,134,7,1,2,1
135,0,0,0,0,0,0,24,1,0,13,55,102,157,4,0,136,134,136,9,0,6,1
135,0,0,0,0,0,0,52,0,7,9,32,117,149,1,0,140,137,139,2,0,1,1
121,0,0,0,0,0,0,28,1,0,5,67,70,137,3,1,114,113,117,20,1,7,1
159,0,0,0,0,0,0,66,0,16,7,23,147,170,0,0,165,164,166,0,1,10,2
132,0,0,0,0,0,0,32,1,0,14,90,60,150,2,3,99,117,125,61,1,8,3
144,0,0,0,0,0,0,61,0,8,6,16,140,156,0,0,148,147,149,0,0,10,2
121,0,0,0,0,0,0,27,1,0,3,67,90,157,4,0,129,129,129,12,0,2,1
142,0,0,0,0,0,0,45,0,16,8,24,135,159,0,0,150,149,150,1,0,1,1
145,0,0,0,0,0,0,54,0,0,6,21,145,166,0,0,157,156,158,1,0,5,2
125,0,0,0,0,0,0,21,2,0,4,107,67,174,7,0,143,125,134,79,0,6,1
131,0,0,0,0,0,0,32,1,6,2,97,59,156,3,1,135,120,133,70,1,7,1
120,0,0,0,0,0,0,73,0,43,2,64,62,126,2,0,120,137,121,73,1,9,2
134,0,0,0,0,0,0,67,1,3,25,138,54,192,2,0,136,136,137,7,0,2,1
137,0,0,0,0,0,0,61,0,34,5,15,132,147,1,0,142,140,142,0,0,10,2
146,0,0,0,0,0,0,39,0,0,4,49,126,175,4,0,157,154,156,5,0,2,1
136,0,0,0,0,0,0,39,0,28,6,33,124,157,4,0,141,139,141,1,0,1,1
139,0,0,0,0,0,0,75,0,47,9,79,66,145,6,0,140,139,141,2,1,10,2
125,0,0,0,0,0,0,35,0,20,6,43,101,144,4,0,126,125,127,2,0,1,1
122,0,0,0,0,0,0,36,1,12,7,42,87,129,2,0,123,117,121,10,1,7,1
143,0,0,0,0,0,0,37,1,0,9,44,130,174,4,0,147,148,149,5,0,2,1
135,0,0,0,0,0,0,25,2,0,4,89,89,178,5,2,143,145,147,10,0,2,1
138,0,0,0,0,0,0,42,0,44,7,39,113,152,3,0,141,139,142,1,1,1,1
128,0,0,0,0,0,0,30,2,0,8,128,54,182,12,0,129,104,120,134,0,8,3
145,0,0,0,0,0,0,51,0,7,8,24,141,165,1,0,153,152,153,1,0,5,2
128,0,0,0,0,0,0,30,1,0,7,118,59,177,7,1,133,128,133,30,0,6,1
146,0,0,0,0,0,0,28,1,0,6,93,80,173,4,0,148,148,151,28,1,6,1
128,0,0,0,0,0,0,38,2,0,14,128,51,179,5,1,133,124,129,25,0,7,1
149,0,0,0,0,0,0,58,1,53,13,126,58,184,12,1,150,148,151,8,1,10,2
115,0,0,0,0,0,0,21,2,0,1,125,71,196,3,0,145,127,130,127,0,6,1
148,0,0,0,0,0,0,49,0,1,9,21,143,164,0,0,155,154,156,0,0,1,1
138,0,0,0,0,0,0,66,0,20,6,33,117,150,2,0,144,141,144,2,1,10,2
128,0,0,0,0,0,0,34,4,0,16,147,52,199,7,2,133,155,163,137,1,4,1
143,0,0,0,0,0,0,70,0,49,5,13,137,150,1,0,146,144,146,0,0,10,2
135,0,0,0,0,0,0,55,0,0,7,21,131,152,2,0,135,139,141,4,0,1,1
120,0,0,0,0,0,0,33,2,0,10,142,51,193,9,0,167,148,156,76,1,4,1
125,0,0,0,0,0,0,32,1,7,8,54,93,147,2,0,126,126,128,3,0,2,1
119,0,0,0,0,0,0,23,1,0,16,39,106,145,3,1,125,124,126,3,0,3,1
149,0,0,0,0,0,0,30,1,0,1,57,122,179,3,0,169,161,167,19,1,2,1
129,0,0,0,0,0,0,36,1,0,17,134,61,195,11,2,186,154,147,157,0,4,1
132,0,0,0,0,0,0,27,1,0,11,122,54,176,8,0,150,146,149,18,1,2,1
138,0,0,0,0,0,0,34,1,7,9,62,93,155,5,0,148,142,146,10,1,7,1
125,0,0,0,0,0,0,25,1,6,11,93,72,165,3,0,133,128,132,10,0,6,1
145,0,0,0,0,0,0,46,0,0,8,67,104,171,4,0,155,153,154,4,1,2,1
122,0,0,0,0,0,0,19,1,0,15,39,103,142,1,0,120,120,122,3,0,3,1
125,0,0,0,0,0,0,47,0,0,6,75,68,143,3,0,133,132,133,2,1,2,1
112,0,0,0,0,0,0,26,1,0,10,37,90,127,2,1,114,114,116,2,1,1,1
129,0,0,0,0,0,0,23,1,0,12,44,115,159,1,0,133,139,141,11,0,2,1
122,0,0,0,0,0,0,21,2,0,12,49,107,156,3,0,126,125,126,5,0,2,1
133,0,0,0,0,0,0,26,1,0,12,87,71,158,2,0,141,135,139,13,1,6,1
123,0,0,0,0,0,0,33,1,0,4,138,61,199,9,1,135,122,127,39,0,6,1
128,0,0,0,0,0,0,40,1,0,12,123,59,182,7,0,129,139,136,25,0,2,1
132,0,0,0,0,0,0,28,1,0,0,104,62,166,7,1,145,134,145,76,1,6,1
134,0,0,0,0,0,0,53,3,0,50,130,54,184,1,0,136,135,139,25,0,2,1
120,0,0,0,0,0,0,51,0,0,14,77,56,133,5,0,123,122,124,2,1,3,1
147,0,0,0,0,0,0,36,1,0,4,42,132,174,2,0,157,157,158,2,0,2,1
120,0,0,0,0,0,0,53,0,2,10,20,107,127,2,0,122,119,121,2,1,1,1
125,0,0,0,0,0,0,37,0,5,6,30,115,145,2,0,131,130,132,1,0,2,1
130,0,0,0,0,0,0,34,2,0,5,132,50,182,10,0,159,150,155,26,1,4,1
146,0,0,0,0,0,0,40,1,0,25,122,50,172,4,0,154,151,155,16,1,2,1
122,0,0,0,0,0,0,37,0,2,9,33,99,132,2,0,123,122,124,1,1,1,1
127,0,0,0,0,0,0,61,0,3,10,83,62,145,4,0,129,131,132,4,1,2,1
132,0,0,0,0,0,0,32,1,0,13,91,60,151,1,1,99,116,125,72,1,8,3
133,0,0,0,0,0,0,20,2,0,22,98,63,161,7,0,136,126,135,54,1,7,1
133,0,0,0,0,0,0,50,0,1,10,46,115,161,2,1,135,136,137,3,0,2,1
138,0,0,0,0,0,0,32,1,16,6,78,97,175,5,0,145,139,144,16,0,6,1
131,0,0,0,0,0,0,80,0,0,7,49,96,145,3,0,108,125,128,45,1,9,3
120,0,0,0,0,0,0,36,2,0,0,140,53,193,13,0,167,151,158,56,1,4,1
149,0,0,0,0,0,0,57,1,54,12,126,58,184,12,1,150,148,151,8,1,7,2
131,0,0,0,0,0,0,61,1,0,12,128,56,184,11,0,134,120,131,57,0,8,3
122,0,0,0,0,0,0,19,1,0,15,39,103,142,1,0,120,120,122,3,0,3,1
138,0,0,0,0,0,0,38,1,0,19,90,71,161,3,0,144,141,142,5,1,3,1
128,0,0,0,0,0,0,14,2,0,0,89,67,156,4,0,115,115,116,44,0,7,1
148,0,0,0,0,0,0,37,0,0,7,39,142,181,1,0,157,157,159,3,0,2,1
152,0,0,0,0,0,0,61,0,61,3,61,99,160,4,3,159,155,158,4,1,10,2
145,0,0,0,0,0,0,49,0,3,11,27,140,167,0,0,159,156,158,3,1,5,2
152,0,0,0,0,0,0,55,0,45,6,64,99,163,4,3,159,154,158,5,1,1,1
122,0,0,0,0,0,0,23,1,3,9,33,103,136,0,0,125,120,122,5,0,1,1
136,0,0,0,0,0,0,54,0,15,10,43,118,161,7,0,136,141,141,8,0,2,1
152,0,0,0,0,0,0,62,0,67,3,10,152,162,1,0,160,158,160,0,1,10,2
130,0,0,0,0,0,0,36,2,0,8,144,51,195,7,2,133,134,134,38,0,6,1
135,0,0,0,0,0,0,47,0,2,13,36,120,156,1,0,139,138,139,2,0,1,1
121,0,0,0,0,0,0,39,1,0,7,86,68,154,7,1,133,133,135,8,1,2,1
128,0,0,0,0,0,0,80,0,0,6,16,114,130,0,0,126,124,125,1,1,9,3
150,0,0,0,0,0,0,80,0,24,8,52,124,176,1,0,150,152,153,2,0,9,3
135,0,0,0,0,0,0,41,0,6,9,34,119,153,3,0,142,140,142,2,0,1,1
148,0,0,0,0,0,0,38,0,17,12,34,135,169,3,0,157,155,158,3,0,5,2
123,0,0,0,0,0,0,28,1,0,4,77,61,138,3,1,114,112,115,15,1,7,2
140,0,0,0,0,0,0,60,0,32,11,120,79,199,9,0,141,141,142,3,0,10,2
133,0,0,0,0,0,0,61,0,4,7,16,128,144,1,0,135,135,136,0,0,10,2
135,0,0,0,0,0,0,62,0,71,6,97,71,168,3,0,143,142,144,1,1,9,3
144,0,0,0,0,0,0,37,0,3,11,27,134,161,0,0,148,148,149,1,0,1,1
136,0,0,0,0,0,0,66,0,61,5,24,127,151,1,0,142,140,142,0,0,10,2
129,0,0,0,0,0,0,21,1,0,4,54,108,162,4,0,144,142,144,8,1,4,1
115,0,0,0,0,0,0,20,1,0,14,59,89,148,1,1,120,118,121,4,0,1,1
121,0,0,0,0,0,0,25,1,0,4,73,71,144,4,0,122,112,117,34,0,6,1
141,0,0,0,0,0,0,54,0,7,9,124,60,184,12,2,150,139,147,49,1,7,1
127,0,0,0,0,0,0,33,1,0,6,96,79,175,4,0,129,135,133,27,0,2,1
123,0,0,0,0,0,0,47,1,31,7,130,59,189,14,2,129,122,127,15,0,7,1
132,0,0,0,0,0,0,25,1,0,11,92,76,168,4,2,141,138,140,16,1,6,1
136,0,0,0,0,0,0,25,1,0,4,98,60,158,6,0,136,126,134,34,1,7,1
127,0,0,0,0,0,0,17,2,0,3,81,76,157,5,0,114,113,116,16,0,7,1
126,0,0,0,0,0,0,34,1,4,8,24,118,142,2,0,136,132,134,2,0,1,1
136,0,0,0,0,0,0,31,1,0,8,79,88,167,2,0,144,140,144,14,1,6,1
114,0,0,0,0,0,0,19,2,0,12,127,71,198,5,0,145,133,136,114,0,6,1
118,0,0,0,0,0,0,25,1,35,6,90,70,160,2,2,126,120,124,13,0,6,1
127,0,0,0,0,0,0,23,1,0,13,91,107,198,6,0,135,134,135,4,-1,1,1
142,0,0,0,0,0,0,36,1,0,2,148,51,199,12,0,180,164,171,53,1,4,1
144,0,0,0,0,0,0,49,0,3,9,44,140,184,3,0,162,158,162,4,0,5,2
121,0,0,0,0,0,0,52,0,2,8,21,117,138,0,0,125,127,128,2,0,1,1
127,0,0,0,0,0,0,38,1,0,7,113,61,174,6,1,129,144,141,45,1,4,1
150,0,0,0,0,0,0,64,2,8,29,130,56,186,5,0,150,148,151,10,1,10,2
127,0,0,0,0,0,0,34,1,0,6,54,114,168,1,0,131,136,134,15,-1,2,1
146,0,0,0,0,0,0,65,0,33,7,30,134,164,1,0,150,149,151,1,0,10,2
146,0,0,0,0,0,0,28,1,1,6,65,120,185,7,1,153,154,155,6,0,2,1
135,0,0,0,0,0,0,69,0,78,3,9,132,141,1,0,136,136,137,0,0,9,3
130,0,0,0,0,0,0,54,0,6,8,30,116,146,2,0,133,133,134,1,0,1,1
146,0,0,0,0,0,0,42,1,35,7,88,84,172,2,1,157,151,156,17,1,1,1
115,0,0,0,0,0,0,22,3,0,19,138,50,188,8,0,117,117,119,21,0,2,1
144,0,0,0,0,0,0,71,0,0,2,94,82,176,3,0,156,154,155,6,1,2,1
115,0,0,0,0,0,0,15,2,0,6,55,84,139,4,0,119,111,115,19,0,7,1
131,0,0,0,0,0,0,28,1,0,4,89,82,171,7,0,143,146,146,8,1,2,1
120,0,0,0,0,0,0,36,1,0,10,124,53,177,6,0,163,152,160,42,1,4,1
136,0,0,0,0,0,0,46,1,0,6,149,51,200,12,0,144,145,147,8,0,2,1
131,0,0,0,0,0,0,23,1,0,6,84,110,194,6,0,160,158,161,23,0,4,1
148,0,0,0,0,0,0,36,0,8,9,45,135,180,3,0,157,157,158,3,0,2,1
144,0,0,0,0,0,0,75,0,52,5,16,136,152,1,0,145,144,146,0,0,10,2
133,0,0,0,0,0,0,44,0,13,17,65,82,147,2,0,140,136,139,8,1,3,1
125,0,0,0,0,0,0,70,0,29,7,81,52,133,5,0,125,123,125,2,1,10,2
114,0,0,0,0,0,0,24,3,0,16,134,52,186,8,0,117,115,117,19,0,6,1
138,0,0,0,0,0,0,65,0,14,7,20,129,149,3,0,141,140,142,1,0,10,2
133,0,0,0,0,0,0,33,1,3,12,87,65,152,6,0,136,130,137,26,1,7,1
138,0,0,0,0,0,0,37,1,0,4,48,120,168,0,1,146,147,148,4,0,2,1
142,0,0,0,0,0,0,52,0,10,11,71,89,160,6,0,153,149,153,5,1,5,2
141,0,0,0,0,0,0,58,0,15,8,23,130,153,1,0,144,143,145,1,0,1,1
142,0,0,0,0,0,0,45,1,0,4,134,51,185,5,0,156,158,158,14,1,4,1
125,0,0,0,0,0,0,36,0,4,6,45,115,160,2,0,131,131,131,3,0,2,1
140,0,0,0,0,0,0,64,0,37,7,76,84,160,5,0,141,140,142,1,1,10,2
127,0,0,0,0,0,0,20,2,0,19,78,81,159,4,0,131,122,124,23,0,7,1
125,0,0,0,0,0,0,33,0,2,6,48,116,164,2,0,127,131,131,6,-1,2,1
128,0,0,0,0,0,0,26,2,0,8,91,65,156,8,0,133,126,132,41,1,6,1
139,0,0,0,0,0,0,76,0,12,6,17,128,145,1,1,140,140,141,0,1,10,2
115,0,0,0,0,0,0,20,1,0,9,78,79,157,4,2,120,121,123,7,0,2,1
148,0,0,0,0,0,0,50,0,62,4,10,153,163,1,0,160,159,161,0,1,10,2
132,0,0,0,0,0,0,24,1,0,12,77,76,153,5,2,140,133,137,17,1,7,1
137,0,0,0,0,0,0,62,0,42,5,22,133,155,2,0,142,140,142,0,0,10,2
120,0,0,0,0,0,0,40,1,0,7,89,68,157,5,1,133,134,136,9,1,2,1
138,0,0,0,0,0,0,46,1,16,3,116,51,167,6,3,151,144,151,30,1,6,1
142,0,0,0,0,0,0,45,1,2,8,131,51,182,5,0,146,153,152,19,1,2,1
122,0,0,0,0,0,0,26,1,1,8,36,114,150,2,0,122,126,126,6,-1,2,1
122,0,0,0,0,0,0,20,5,0,21,148,50,198,11,0,127,124,127,28,0,6,1
146,0,0,0,0,0,0,53,0,32,8,27,136,163,2,1,160,156,158,2,1,1,1
146,0,0,0,0,0,0,68,0,23,7,20,136,156,1,0,147,147,148,1,0,10,2
137,0,0,0,0,0,0,63,0,9,7,75,125,200,4,0,146,144,146,2,-1,10,2
120,0,0,0,0,0,0,53,0,0,15,69,62,131,3,0,125,121,124,5,1,3,1
126,0,0,0,0,0,0,25,1,0,14,102,52,154,3,0,136,130,134,12,1,6,1
145,0,0,0,0,0,0,77,0,45,5,21,129,150,1,0,146,145,147,0,1,10,2
138,0,0,0,0,0,0,39,0,12,10,49,105,154,5,0,141,141,142,1,1,1,1
125,0,0,0,0,0,0,19,1,0,6,96,101,197,8,1,133,131,133,5,-1,2,1
120,0,0,0,0,0,0,49,0,2,10,32,104,136,4,0,116,120,121,4,0,1,1
120,0,0,0,0,0,0,41,2,4,25,107,58,165,4,1,121,124,126,16,0,2,1
145,0,0,0,0,0,0,66,0,31,7,30,124,154,4,0,146,145,147,1,1,10,2
138,0,0,0,0,0,0,64,0,30,7,41,118,159,2,0,144,143,145,5,0,10,2
124,0,0,0,0,0,0,34,1,0,3,42,106,148,1,0,126,130,130,7,0,2,1
150,0,0,0,0,0,0,84,0,32,6,20,136,156,0,0,150,150,151,1,1,9,3
133,0,0,0,0,0,0,41,1,9,13,82,86,168,4,1,139,143,144,9,1,2,1
122,0,0,0,0,0,0,22,1,0,13,37,105,142,0,0,125,124,126,3,0,1,1
123,0,0,0,0,0,0,50,0,8,7,21,116,137,1,0,126,126,127,1,0,1,1
112,0,0,0,0,0,0,25,1,0,0,35,109,144,0,0,116,120,119,6,-1,2,1
120,0,0,0,0,0,0,50,0,7,6,94,60,154,2,0,123,126,125,10,1,2,1
129,0,0,0,0,0,0,55,0,0,10,58,101,159,3,0,140,138,140,2,0,5,2
133,0,0,0,0,0,0,35,1,0,5,88,68,156,7,0,133,133,136,18,1,6,1
144,0,0,0,0,0,0,61,0,7,9,39,125,164,3,0,144,143,144,1,0,10,2
140,0,0,0,0,0,0,58,1,0,4,126,62,188,4,0,176,164,169,27,1,4,1
144,0,0,0,0,0,0,43,0,0,4,40,134,174,2,0,155,154,156,3,0,2,1
115,0,0,0,0,0,0,17,2,0,13,73,84,157,0,1,120,117,119,13,0,6,1
118,0,0,0,0,0,0,26,1,0,11,44,100,144,3,0,120,119,120,2,0,1,1
148,0,0,0,0,0,0,77,0,4,10,32,140,172,1,0,150,150,151,1,-1,9,3
120,0,0,0,0,0,0,42,1,0,9,67,109,176,7,0,123,131,127,31,-1,2,1
134,0,0,0,0,0,0,16,2,0,23,117,53,170,11,0,137,134,137,13,1,6,1
140,0,0,0,0,0,0,77,0,82,3,8,136,144,1,0,141,140,142,0,0,9,3
131,0,0,0,0,0,0,25,2,3,3,108,59,167,7,1,136,120,134,82,1,7,1
144,0,0,0,0,0,0,73,0,0,5,98,82,180,3,0,156,154,157,5,1,2,1
144,0,0,0,0,0,0,42,0,0,10,37,136,173,1,0,155,154,156,2,0,2,1
126,0,0,0,0,0,0,41,1,0,21,100,50,150,4,0,133,130,132,10,1,2,1
129,0,0,0,0,0,0,40,1,0,8,73,115,188,9,1,150,147,151,9,0,4,1
130,0,0,0,0,0,0,34,2,0,17,118,52,170,5,0,159,146,151,39,1,4,1
127,0,0,0,0,0,0,32,1,0,7,57,114,171,2,0,127,137,135,23,-1,2,1
125,0,0,0,0,0,0,22,2,0,0,107,67,174,4,0,134,136,138,16,0,2,1
150,0,0,0,0,0,0,61,0,3,8,28,138,166,0,0,152,153,155,3,0,10,2
128,0,0,0,0,0,0,20,2,0,1,107,67,174,4,0,134,126,133,47,0,6,1
151,0,0,0,0,0,0,64,1,9,27,130,56,186,2,0,150,148,151,9,1,10,2
138,0,0,0,0,0,0,55,0,22,6,102,74,176,4,0,142,141,142,1,0,1,1
125,0,0,0,0,0,0,34,1,0,14,85,114,199,4,0,126,127,128,3,-1,1,1
130,0,0,0,0,0,0,56,0,34,7,55,125,180,4,0,129,132,132,3,-1,1,1
122,0,0,0,0,0,0,15,2,0,19,129,51,180,6,1,122,122,123,43,0,6,1
136,0,0,0,0,0,0,45,0,48,4,19,135,154,2,0,141,141,142,0,-1,1,1
125,0,0,0,0,0,0,37,1,0,12,126,68,194,3,1,127,133,134,12,0,2,1
145,0,0,0,0,0,0,46,0,0,8,31,140,171,2,0,153,152,152,3,0,2,1
129,0,0,0,0,0,0,36,1,0,9,140,55,195,5,3,143,148,143,52,0,2,1
121,0,0,0,0,0,0,39,1,0,6,132,68,200,8,1,133,132,134,8,0,2,1
142,0,0,0,0,0,0,39,0,0,12,32,127,159,1,0,151,147,149,4,1,1,1
112,0,0,0,0,0,0,25,1,0,9,34,104,138,4,1,119,116,118,2,0,1,1
154,0,0,0,0,0,0,56,0,0,5,26,153,179,1,1,161,161,162,1,-1,10,2
129,0,0,0,0,0,0,53,0,1,5,34,122,156,3,0,133,134,135,1,0,1,1
130,0,0,0,0,0,0,59,0,34,6,21,125,146,1,0,129,132,133,3,-1,1,1
133,0,0,0,0,0,0,46,1,0,15,69,95,164,5,0,139,135,138,9,0,6,1
135,0,0,0,0,0,0,61,0,21,9,36,108,144,5,0,138,135,137,3,1,10,2
137,0,0,0,0,0,0,61,0,45,5,22,133,155,2,0,142,140,142,0,0,10,2
130,0,0,0,0,0,0,34,2,0,3,132,50,182,8,0,159,151,155,25,1,4,1
158,0,0,0,0,0,0,40,0,0,0,40,158,198,1,0,186,182,186,9,1,4,1
144,0,0,0,0,0,0,47,0,11,13,90,74,164,5,1,153,151,152,3,1,5,2
131,0,0,0,0,0,0,42,0,0,3,79,74,153,2,0,142,136,142,24,1,6,1
150,0,0,0,0,0,0,73,0,47,4,148,51,199,8,0,154,150,155,29,1,7,2
114,0,0,0,0,0,0,28,2,0,12,98,55,153,7,1,119,119,120,13,0,2,1
134,0,0,0,0,0,0,31,1,17,14,82,82,164,4,0,147,135,139,30,1,7,1
159,0,0,0,0,0,0,61,0,8,8,44,133,177,4,0,165,164,166,1,1,1,1
142,0,0,0,0,0,0,14,4,0,0,125,53,178,14,3,97,115,115,85,0,7,1
130,0,0,0,0,0,0,21,2,0,7,107,67,174,7,0,143,125,135,76,0,6,1
150,0,0,0,0,0,0,82,0,38,5,12,148,160,0,0,152,154,155,1,0,9,3
140,0,0,0,0,0,0,53,0,0,14,84,72,156,4,0,143,145,146,3,1,1,1
132,0,0,0,0,0,0,22,1,0,7,95,80,175,7,2,143,140,143,22,0,6,1
138,0,0,0,0,0,0,28,1,16,1,90,85,175,8,0,143,136,141,32,0,6,1
150,0,0,0,0,0,0,71,0,18,7,17,139,156,0,0,151,151,152,0,1,9,3
122,0,0,0,0,0,0,20,2,0,9,43,108,151,0,0,131,129,130,4,0,2,1
144,0,0,0,0,0,0,36,1,0,11,119,57,176,2,1,148,150,150,12,1,2,1
147,0,0,0,0,0,0,41,0,15,1,35,140,175,0,0,157,157,158,1,0,2,1
144,0,0,0,0,0,0,73,0,0,9,94,82,176,4,0,156,154,155,5,1,2,1
144,0,0,0,0,0,0,46,0,2,11,31,138,169,3,0,162,158,161,5,1,5,2
120,0,0,0,0,0,0,38,1,0,16,59,103,162,4,0,119,120,121,4,-1,3,1
120,0,0,0,0,0,0,39,1,0,17,105,60,165,5,0,129,127,129,12,0,2,1
142,0,0,0,0,0,0,41,1,0,10,57,111,168,5,0,147,147,149,4,0,2,1
128,0,0,0,0,0,0,23,2,0,4,101,70,171,7,1,155,140,144,46,1,6,1
122,0,0,0,0,0,0,18,2,0,4,74,69,143,1,1,131,117,120,40,1,6,1
138,0,0,0,0,0,0,32,1,0,9,60,119,179,2,0,158,152,155,8,0,2,1
141,0,0,0,0,0,0,59,0,38,6,38,121,159,3,0,154,149,154,8,1,5,2
124,0,0,0,0,0,0,45,0,0,9,91,60,151,5,0,133,132,134,5,1,2,1
122,0,0,0,0,0,0,25,1,3,9,31,105,136,1,0,126,122,124,5,0,1,1
146,0,0,0,0,0,0,29,1,1,7,62,107,169,2,2,150,147,149,7,0,6,1
150,0,0,0,0,0,0,76,0,43,5,35,123,158,1,0,154,153,155,1,1,10,2
121,0,0,0,0,0,0,24,1,0,0,68,71,139,2,0,123,106,108,53,0,7,1
146,0,0,0,0,0,0,78,0,57,4,12,137,149,1,0,144,143,145,0,0,10,2
126,0,0,0,0,0,0,49,0,0,9,90,63,153,2,0,133,133,134,4,1,2,1
150,0,0,0,0,0,0,79,0,84,2,5,147,152,1,0,150,149,151,0,0,9,3
126,0,0,0,0,0,0,23,1,0,10,33,122,155,2,0,136,137,139,3,0,2,1
114,0,0,0,0,0,0,18,3,0,14,122,76,198,4,1,145,146,147,65,0,4,1
130,0,0,0,0,0,0,74,0,42,2,60,105,165,6,0,131,128,131,3,0,10,2
122,0,0,0,0,0,0,12,3,0,25,129,51,180,7,1,122,119,122,79,0,7,1
122,0,0,0,0,0,0,21,1,0,6,69,74,143,4,0,133,121,126,32,1,6,1
146,0,0,0,0,0,0,35,1,0,3,52,126,178,2,0,155,154,155,4,0,2,1
128,0,0,0,0,0,0,16,2,0,7,125,53,178,9,0,133,114,121,74,0,7,1
136,0,0,0,0,0,0,39,0,8,11,47,107,154,1,0,138,139,139,2,0,1,1
159,0,0,0,0,0,0,66,0,13,8,24,149,173,0,0,165,164,166,0,1,10,2
126,0,0,0,0,0,0,25,1,0,11,56,101,157,2,0,126,131,130,9,0,2,1
141,0,0,0,0,0,0,47,0,0,9,54,103,157,6,1,154,144,147,15,1,1,1
125,0,0,0,0,0,0,38,0,11,9,35,103,138,2,0,131,129,131,1,1,1,1
122,0,0,0,0,0,0,83,0,6,15,68,62,130,0,0,122,122,123,3,1,9,3
133,0,0,0,0,0,0,17,2,0,2,98,82,180,4,0,126,137,138,61,0,6,1
134,0,0,0,0,0,0,67,1,0,15,124,68,192,6,0,138,136,137,6,0,2,1
132,0,0,0,0,0,0,37,2,0,17,115,52,167,10,0,141,140,143,33,1,2,1
146,0,0,0,0,0,0,25,2,0,11,92,80,172,8,1,155,145,152,32,1,6,1
112,0,0,0,0,0,0,23,1,1,9,55,89,144,5,0,114,114,116,4,0,6,1
130,0,0,0,0,0,0,59,0,15,9,53,95,148,4,0,142,138,142,4,1,5,2
132,0,0,0,0,0,0,29,4,0,10,141,50,191,7,1,133,119,129,73,0,7,2
129,0,0,0,0,0,0,25,1,0,11,59,103,162,4,0,129,132,131,14,0,2,1
130,0,0,0,0,0,0,37,1,0,3,90,58,148,4,1,127,121,126,21,1,7,1
138,0,0,0,0,0,0,43,0,9,8,25,131,156,0,0,142,142,144,1,0,1,1
132,0,0,0,0,0,0,47,0,1,11,31,114,145,1,0,136,134,136,2,1,1,1
129,0,0,0,0,0,0,44,1,0,4,36,120,156,2,0,133,133,133,3,0,1,1
128,0,0,0,0,0,0,54,0,0,6,36,121,157,3,0,140,138,139,5,0,2,1
125,0,0,0,0,0,0,68,0,75,3,8,120,128,0,0,125,125,126,0,0,9,3
140,0,0,0,0,0,0,34,2,0,40,114,66,180,9,2,147,145,148,22,1,2,1
136,0,0,0,0,0,0,37,0,0,12,36,118,154,2,0,138,139,141,2,0,1,1
128,0,0,0,0,0,0,43,1,0,18,124,60,184,10,0,133,137,138,16,0,2,1
135,0,0,0,0,0,0,63,0,60,4,8,133,141,1,0,136,136,137,0,0,10,2
146,0,0,0,0,0,0,52,0,32,8,72,93,165,3,0,152,147,151,9,1,1,1
122,0,0,0,0,0,0,20,1,0,13,39,103,142,1,0,120,119,121,3,0,1,1
129,0,0,0,0,0,0,47,1,6,21,91,52,143,3,0,131,130,132,7,1,1,1
142,0,0,0,0,0,0,42,1,0,12,61,130,191,4,0,148,147,149,2,-1,1,1
126,0,0,0,0,0,0,34,1,0,15,33,109,142,1,0,134,131,134,3,1,1,1
147,0,0,0,0,0,0,66,0,16,7,80,74,154,1,0,148,146,148,1,1,10,2
159,0,0,0,0,0,0,58,0,0,7,44,133,177,4,0,163,164,165,2,1,1,1
125,0,0,0,0,0,0,38,0,12,8,42,103,145,2,0,131,129,132,1,1,1,1
143,0,0,0,0,0,0,61,0,17,14,84,74,158,10,1,145,144,146,3,1,10,2
119,0,0,0,0,0,0,25,1,0,13,39,106,145,0,0,120,123,123,5,0,2,1
131,0,0,0,0,0,0,25,1,0,6,82,87,169,5,0,136,141,141,9,0,2,1
123,0,0,0,0,0,0,33,0,6,3,33,116,149,2,0,126,128,128,3,0,2,1
148,0,0,0,0,0,0,44,0,15,9,60,135,195,5,0,157,158,158,1,0,5,2
144,0,0,0,0,0,0,44,0,2,11,33,135,168,4,0,162,157,160,5,1,5,2
129,0,0,0,0,0,0,44,1,0,5,113,75,188,6,0,150,141,146,18,0,4,1
129,0,0,0,0,0,0,27,1,1,7,60,98,158,3,0,133,133,134,4,0,2,1
130,0,0,0,0,0,0,23,1,0,8,99,59,158,6,0,133,124,129,36,1,6,1
144,0,0,0,0,0,0,84,0,34,5,38,132,170,2,0,144,143,145,0,-1,9,3
148,0,0,0,0,0,0,46,0,54,7,45,126,171,3,0,160,158,160,2,1,2,1
128,0,0,0,0,0,0,37,2,0,16,136,55,191,9,1,129,130,129,37,0,6,1
141,0,0,0,0,0,0,45,1,0,16,100,70,170,1,0,153,151,152,7,1,2,1
123,0,0,0,0,0,0,39,0,12,8,28,113,141,2,0,126,126,127,1,0,1,1
142,0,0,0,0,0,0,41,1,27,4,115,67,182,4,0,157,140,150,80,1,7,1
122,0,0,0,0,0,0,19,2,0,17,46,102,148,3,0,125,124,126,6,0,2,1
152,0,0,0,0,0,0,59,0,62,9,38,126,164,3,1,160,157,159,2,1,10,2
136,0,0,0,0,0,0,33,1,0,8,81,73,154,4,1,133,132,135,17,1,7,1
132,0,0,0,0,0,0,30,1,0,11,69,97,166,2,0,145,142,144,8,1,2,1
142,0,0,0,0,0,0,55,1,10,15,115,52,167,12,3,148,143,147,17,1,7,1
129,0,0,0,0,0,0,22,4,0,0,138,50,188,7,2,129,114,120,60,0,7,1
139,0,0,0,0,0,0,38,0,0,7,34,136,170,1,0,144,146,146,4,-1,2,1
142,0,0,0,0,0,0,40,1,12,10,97,57,154,2,0,148,144,147,4,1,1,1
144,0,0,0,0,0,0,67,0,0,9,98,72,170,4,0,146,147,149,4,1,2,1
125,0,0,0,0,0,0,38,0,18,6,25,118,143,1,0,131,129,131,0,0,1,1
115,0,0,0,0,0,0,19,1,0,7,55,89,144,2,1,126,121,123,9,0,2,1
143,0,0,0,0,0,0,65,0,7,12,29,129,158,4,1,150,145,146,5,0,10,2
146,0,0,0,0,0,0,28,1,9,12,80,86,166,3,0,151,142,146,22,1,7,1
131,0,0,0,0,0,0,29,1,0,12,27,122,149,0,0,136,136,138,2,0,1,1
132,0,0,0,0,0,0,28,1,0,8,94,68,162,11,1,143,137,142,26,1,6,1
127,0,0,0,0,0,0,58,0,0,8,38,113,151,3,0,129,134,136,6,0,2,1
123,0,0,0,0,0,0,24,2,0,1,52,100,152,1,0,136,133,135,5,0,2,1
133,0,0,0,0,0,0,27,1,0,14,70,88,158,1,0,140,135,138,10,1,6,1
150,0,0,0,0,0,0,70,1,48,4,149,51,200,10,0,154,147,155,54,1,7,2
131,0,0,0,0,0,0,18,2,0,13,107,67,174,5,0,134,125,132,45,0,7,2
133,0,0,0,0,0,0,64,0,25,6,15,129,144,2,0,136,135,137,0,0,10,2
122,0,0,0,0,0,0,18,3,0,16,98,60,158,7,0,127,120,124,28,0,6,1
122,0,0,0,0,0,0,32,1,10,8,81,67,148,2,0,125,124,126,8,1,2,1
134,0,0,0,0,0,0,28,1,0,5,102,67,169,11,2,148,133,140,66,1,7,1
144,0,0,0,0,0,0,76,0,0,11,54,126,180,2,0,156,153,155,5,0,5,2
132,0,0,0,0,0,0,29,2,0,15,144,50,194,11,1,133,124,130,35,0,7,1
142,0,0,0,0,0,0,34,1,0,19,67,94,161,5,1,151,146,149,8,1,2,1
122,0,0,0,0,0,0,19,1,0,15,39,103,142,1,0,120,120,122,3,0,1,1
131,0,0,0,0,0,0,25,1,0,6,91,87,178,6,0,136,144,144,17,0,2,1
144,0,0,0,0,0,0,84,0,31,5,38,132,170,2,0,144,143,145,0,-1,9,3
119,0,0,0,0,0,0,24,1,2,11,42,103,145,1,0,125,124,126,4,0,2,1
118,0,0,0,0,0,0,41,2,0,5,119,52,171,6,0,123,122,124,19,0,2,1
137,0,0,0,0,0,0,70,0,48,4,66,134,200,3,0,140,142,143,3,-1,10,2
138,0,0,0,0,0,0,28,1,9,3,90,85,175,6,0,144,134,138,31,0,6,1
152,0,0,0,0,0,0,56,0,39,6,61,99,160,3,2,157,153,156,5,1,1,1
145,0,0,0,0,0,0,36,1,0,13,119,57,176,3,1,148,150,150,12,1,2,1
133,0,0,0,0,0,0,37,1,0,29,90,67,157,9,1,140,136,140,12,1,3,1
122,0,0,0,0,0,0,37,0,11,10,26,109,135,2,0,123,125,126,2,0,1,1
122,0,0,0,0,0,0,34,0,0,12,30,108,138,1,0,127,125,128,2,0,1,1
128,0,0,0,0,0,0,52,0,0,6,36,121,157,4,0,140,138,139,5,0,2,1
145,0,0,0,0,0,0,35,1,0,21,140,56,196,5,0,148,150,151,12,1,2,1
120,0,0,0,0,0,0,28,3,0,21,126,55,181,13,0,121,124,126,25,0,2,1
122,0,0,0,0,0,0,17,4,0,22,145,53,198,13,0,127,122,126,25,0,2,1
143,0,0,0,0,0,0,56,0,12,12,116,68,184,5,1,145,145,147,3,1,1,1
125,0,0,0,0,0,0,23,2,0,4,122,78,200,10,0,131,125,128,20,0,6,1
116,0,0,0,0,0,0,43,0,25,5,72,56,128,6,0,120,118,121,3,1,1,1
130,0,0,0,0,0,0,36,1,0,20,118,54,172,6,0,154,148,154,26,1,4,1
132,0,0,0,0,0,0,36,3,0,15,145,53,198,6,2,133,136,134,65,0,6,1
143,0,0,0,0,0,0,65,0,14,13,38,120,158,5,0,145,145,146,2,0,10,2
141,0,0,0,0,0,0,61,0,29,5,13,135,148,1,0,144,143,145,0,1,10,2
119,0,0,0,0,0,0,34,1,0,14,92,58,150,4,0,127,125,128,3,1,1,1
142,0,0,0,0,0,0,69,0,39,6,14,137,151,1,0,142,142,143,0,0,10,2
